-- --------------------------------------------------------
-- Host:                         127.0.0.1
-- Server version:               10.4.32-MariaDB - mariadb.org binary distribution
-- Server OS:                    Win64
-- HeidiSQL Version:             12.7.0.6850
-- --------------------------------------------------------

/*!40101 SET @OLD_CHARACTER_SET_CLIENT=@@CHARACTER_SET_CLIENT */;
/*!40101 SET NAMES utf8 */;
/*!50503 SET NAMES utf8mb4 */;
/*!40103 SET @OLD_TIME_ZONE=@@TIME_ZONE */;
/*!40103 SET TIME_ZONE='+00:00' */;
/*!40014 SET @OLD_FOREIGN_KEY_CHECKS=@@FOREIGN_KEY_CHECKS, FOREIGN_KEY_CHECKS=0 */;
/*!40101 SET @OLD_SQL_MODE=@@SQL_MODE, SQL_MODE='NO_AUTO_VALUE_ON_ZERO' */;
/*!40111 SET @OLD_SQL_NOTES=@@SQL_NOTES, SQL_NOTES=0 */;


-- Dumping database structure for ga-sheet
CREATE DATABASE IF NOT EXISTS `ga-sheet` /*!40100 DEFAULT CHARACTER SET latin1 COLLATE latin1_swedish_ci */;
USE `ga-sheet`;

-- Dumping structure for table ga-sheet.alat
CREATE TABLE IF NOT EXISTS `alat` (
  `id` bigint(20) NOT NULL AUTO_INCREMENT,
  `name` varchar(255) DEFAULT NULL,
  `is_active` tinyint(4) DEFAULT NULL,
  `user_id` bigint(20) DEFAULT NULL,
  `serial_number` varchar(255) DEFAULT NULL,
  `user_update_id` bigint(20) DEFAULT NULL,
  `type` int(11) DEFAULT NULL,
  `default_simbol_id` bigint(20) DEFAULT NULL,
  `location_id` bigint(20) DEFAULT NULL,
  `gedung_id` bigint(20) DEFAULT NULL,
  `ruangan_id` bigint(20) DEFAULT NULL,
  `created_at` timestamp NULL DEFAULT NULL,
  `updated_at` timestamp NULL DEFAULT NULL,
  PRIMARY KEY (`id`)
) ENGINE=InnoDB AUTO_INCREMENT=8 DEFAULT CHARSET=latin1 COLLATE=latin1_swedish_ci;

-- Dumping data for table ga-sheet.alat: ~5 rows (approximately)
DELETE FROM `alat`;
INSERT INTO `alat` (`id`, `name`, `is_active`, `user_id`, `serial_number`, `user_update_id`, `type`, `default_simbol_id`, `location_id`, `gedung_id`, `ruangan_id`, `created_at`, `updated_at`) VALUES
	(1, 'LAPTOP', 1, 2, 'LK001', NULL, 2, NULL, 6, 4, 4, '2024-07-04 07:39:17', '2024-07-04 18:25:43'),
	(2, 'monitor', 1, 2, 'JK112', NULL, 2, NULL, 6, 4, 4, '2024-07-04 08:12:01', '2024-07-04 18:24:58'),
	(3, 'APAR', 1, 2, 'NKL009', NULL, 2, NULL, 6, 4, 4, '2024-07-04 18:25:16', '2024-07-04 18:25:16'),
	(4, 'Pel', 1, 2, NULL, NULL, 1, 12, 6, 4, 4, '2024-07-12 07:28:10', '2024-07-12 07:28:11'),
	(5, 'Sapu', 1, 2, NULL, NULL, 1, 13, 6, 4, 4, '2024-07-12 07:28:27', '2024-07-12 07:28:28'),
	(6, 'Komputer', 1, 2, 'PK123', NULL, 3, NULL, 6, 4, 4, '2024-08-05 08:04:59', '2024-08-05 08:04:59'),
	(7, 'Meja', 1, 2, NULL, NULL, 1, 15, 6, 4, 4, '2024-08-13 01:54:07', '2024-08-13 01:54:07');

-- Dumping structure for table ga-sheet.calendar
CREATE TABLE IF NOT EXISTS `calendar` (
  `id` int(11) DEFAULT NULL,
  `date` date DEFAULT NULL,
  KEY `Index 1` (`id`)
) ENGINE=InnoDB DEFAULT CHARSET=latin1 COLLATE=latin1_swedish_ci;

-- Dumping data for table ga-sheet.calendar: ~366 rows (approximately)
DELETE FROM `calendar`;
INSERT INTO `calendar` (`id`, `date`) VALUES
	(1, '2024-01-01'),
	(2, '2024-01-02'),
	(3, '2024-01-03'),
	(4, '2024-01-04'),
	(5, '2024-01-05'),
	(6, '2024-01-06'),
	(7, '2024-01-07'),
	(8, '2024-01-08'),
	(9, '2024-01-09'),
	(10, '2024-01-10'),
	(11, '2024-01-11'),
	(12, '2024-01-12'),
	(13, '2024-01-13'),
	(14, '2024-01-14'),
	(15, '2024-01-15'),
	(16, '2024-01-16'),
	(17, '2024-01-17'),
	(18, '2024-01-18'),
	(19, '2024-01-19'),
	(20, '2024-01-20'),
	(21, '2024-01-21'),
	(22, '2024-01-22'),
	(23, '2024-01-23'),
	(24, '2024-01-24'),
	(25, '2024-01-25'),
	(26, '2024-01-26'),
	(27, '2024-01-27'),
	(28, '2024-01-28'),
	(29, '2024-01-29'),
	(30, '2024-01-30'),
	(31, '2024-01-31'),
	(32, '2024-02-01'),
	(33, '2024-02-02'),
	(34, '2024-02-03'),
	(35, '2024-02-04'),
	(36, '2024-02-05'),
	(37, '2024-02-06'),
	(38, '2024-02-07'),
	(39, '2024-02-08'),
	(40, '2024-02-09'),
	(41, '2024-02-10'),
	(42, '2024-02-11'),
	(43, '2024-02-12'),
	(44, '2024-02-13'),
	(45, '2024-02-14'),
	(46, '2024-02-15'),
	(47, '2024-02-16'),
	(48, '2024-02-17'),
	(49, '2024-02-18'),
	(50, '2024-02-19'),
	(51, '2024-02-20'),
	(52, '2024-02-21'),
	(53, '2024-02-22'),
	(54, '2024-02-23'),
	(55, '2024-02-24'),
	(56, '2024-02-25'),
	(57, '2024-02-26'),
	(58, '2024-02-27'),
	(59, '2024-02-28'),
	(60, '2024-02-29'),
	(61, '2024-03-01'),
	(62, '2024-03-02'),
	(63, '2024-03-03'),
	(64, '2024-03-04'),
	(65, '2024-03-05'),
	(66, '2024-03-06'),
	(67, '2024-03-07'),
	(68, '2024-03-08'),
	(69, '2024-03-09'),
	(70, '2024-03-10'),
	(71, '2024-03-11'),
	(72, '2024-03-12'),
	(73, '2024-03-13'),
	(74, '2024-03-14'),
	(75, '2024-03-15'),
	(76, '2024-03-16'),
	(77, '2024-03-17'),
	(78, '2024-03-18'),
	(79, '2024-03-19'),
	(80, '2024-03-20'),
	(81, '2024-03-21'),
	(82, '2024-03-22'),
	(83, '2024-03-23'),
	(84, '2024-03-24'),
	(85, '2024-03-25'),
	(86, '2024-03-26'),
	(87, '2024-03-27'),
	(88, '2024-03-28'),
	(89, '2024-03-29'),
	(90, '2024-03-30'),
	(91, '2024-03-31'),
	(92, '2024-04-01'),
	(93, '2024-04-02'),
	(94, '2024-04-03'),
	(95, '2024-04-04'),
	(96, '2024-04-05'),
	(97, '2024-04-06'),
	(98, '2024-04-07'),
	(99, '2024-04-08'),
	(100, '2024-04-09'),
	(101, '2024-04-10'),
	(102, '2024-04-11'),
	(103, '2024-04-12'),
	(104, '2024-04-13'),
	(105, '2024-04-14'),
	(106, '2024-04-15'),
	(107, '2024-04-16'),
	(108, '2024-04-17'),
	(109, '2024-04-18'),
	(110, '2024-04-19'),
	(111, '2024-04-20'),
	(112, '2024-04-21'),
	(113, '2024-04-22'),
	(114, '2024-04-23'),
	(115, '2024-04-24'),
	(116, '2024-04-25'),
	(117, '2024-04-26'),
	(118, '2024-04-27'),
	(119, '2024-04-28'),
	(120, '2024-04-29'),
	(121, '2024-04-30'),
	(122, '2024-05-01'),
	(123, '2024-05-02'),
	(124, '2024-05-03'),
	(125, '2024-05-04'),
	(126, '2024-05-05'),
	(127, '2024-05-06'),
	(128, '2024-05-07'),
	(129, '2024-05-08'),
	(130, '2024-05-09'),
	(131, '2024-05-10'),
	(132, '2024-05-11'),
	(133, '2024-05-12'),
	(134, '2024-05-13'),
	(135, '2024-05-14'),
	(136, '2024-05-15'),
	(137, '2024-05-16'),
	(138, '2024-05-17'),
	(139, '2024-05-18'),
	(140, '2024-05-19'),
	(141, '2024-05-20'),
	(142, '2024-05-21'),
	(143, '2024-05-22'),
	(144, '2024-05-23'),
	(145, '2024-05-24'),
	(146, '2024-05-25'),
	(147, '2024-05-26'),
	(148, '2024-05-27'),
	(149, '2024-05-28'),
	(150, '2024-05-29'),
	(151, '2024-05-30'),
	(152, '2024-05-31'),
	(153, '2024-06-01'),
	(154, '2024-06-02'),
	(155, '2024-06-03'),
	(156, '2024-06-04'),
	(157, '2024-06-05'),
	(158, '2024-06-06'),
	(159, '2024-06-07'),
	(160, '2024-06-08'),
	(161, '2024-06-09'),
	(162, '2024-06-10'),
	(163, '2024-06-11'),
	(164, '2024-06-12'),
	(165, '2024-06-13'),
	(166, '2024-06-14'),
	(167, '2024-06-15'),
	(168, '2024-06-16'),
	(169, '2024-06-17'),
	(170, '2024-06-18'),
	(171, '2024-06-19'),
	(172, '2024-06-20'),
	(173, '2024-06-21'),
	(174, '2024-06-22'),
	(175, '2024-06-23'),
	(176, '2024-06-24'),
	(177, '2024-06-25'),
	(178, '2024-06-26'),
	(179, '2024-06-27'),
	(180, '2024-06-28'),
	(181, '2024-06-29'),
	(182, '2024-06-30'),
	(183, '2024-07-01'),
	(184, '2024-07-02'),
	(185, '2024-07-03'),
	(186, '2024-07-04'),
	(187, '2024-07-05'),
	(188, '2024-07-06'),
	(189, '2024-07-07'),
	(190, '2024-07-08'),
	(191, '2024-07-09'),
	(192, '2024-07-10'),
	(193, '2024-07-11'),
	(194, '2024-07-12'),
	(195, '2024-07-13'),
	(196, '2024-07-14'),
	(197, '2024-07-15'),
	(198, '2024-07-16'),
	(199, '2024-07-17'),
	(200, '2024-07-18'),
	(201, '2024-07-19'),
	(202, '2024-07-20'),
	(203, '2024-07-21'),
	(204, '2024-07-22'),
	(205, '2024-07-23'),
	(206, '2024-07-24'),
	(207, '2024-07-25'),
	(208, '2024-07-26'),
	(209, '2024-07-27'),
	(210, '2024-07-28'),
	(211, '2024-07-29'),
	(212, '2024-07-30'),
	(213, '2024-07-31'),
	(214, '2024-08-01'),
	(215, '2024-08-02'),
	(216, '2024-08-03'),
	(217, '2024-08-04'),
	(218, '2024-08-05'),
	(219, '2024-08-06'),
	(220, '2024-08-07'),
	(221, '2024-08-08'),
	(222, '2024-08-09'),
	(223, '2024-08-10'),
	(224, '2024-08-11'),
	(225, '2024-08-12'),
	(226, '2024-08-13'),
	(227, '2024-08-14'),
	(228, '2024-08-15'),
	(229, '2024-08-16'),
	(230, '2024-08-17'),
	(231, '2024-08-18'),
	(232, '2024-08-19'),
	(233, '2024-08-20'),
	(234, '2024-08-21'),
	(235, '2024-08-22'),
	(236, '2024-08-23'),
	(237, '2024-08-24'),
	(238, '2024-08-25'),
	(239, '2024-08-26'),
	(240, '2024-08-27'),
	(241, '2024-08-28'),
	(242, '2024-08-29'),
	(243, '2024-08-30'),
	(244, '2024-08-31'),
	(245, '2024-09-01'),
	(246, '2024-09-02'),
	(247, '2024-09-03'),
	(248, '2024-09-04'),
	(249, '2024-09-05'),
	(250, '2024-09-06'),
	(251, '2024-09-07'),
	(252, '2024-09-08'),
	(253, '2024-09-09'),
	(254, '2024-09-10'),
	(255, '2024-09-11'),
	(256, '2024-09-12'),
	(257, '2024-09-13'),
	(258, '2024-09-14'),
	(259, '2024-09-15'),
	(260, '2024-09-16'),
	(261, '2024-09-17'),
	(262, '2024-09-18'),
	(263, '2024-09-19'),
	(264, '2024-09-20'),
	(265, '2024-09-21'),
	(266, '2024-09-22'),
	(267, '2024-09-23'),
	(268, '2024-09-24'),
	(269, '2024-09-25'),
	(270, '2024-09-26'),
	(271, '2024-09-27'),
	(272, '2024-09-28'),
	(273, '2024-09-29'),
	(274, '2024-09-30'),
	(275, '2024-10-01'),
	(276, '2024-10-02'),
	(277, '2024-10-03'),
	(278, '2024-10-04'),
	(279, '2024-10-05'),
	(280, '2024-10-06'),
	(281, '2024-10-07'),
	(282, '2024-10-08'),
	(283, '2024-10-09'),
	(284, '2024-10-10'),
	(285, '2024-10-11'),
	(286, '2024-10-12'),
	(287, '2024-10-13'),
	(288, '2024-10-14'),
	(289, '2024-10-15'),
	(290, '2024-10-16'),
	(291, '2024-10-17'),
	(292, '2024-10-18'),
	(293, '2024-10-19'),
	(294, '2024-10-20'),
	(295, '2024-10-21'),
	(296, '2024-10-22'),
	(297, '2024-10-23'),
	(298, '2024-10-24'),
	(299, '2024-10-25'),
	(300, '2024-10-26'),
	(301, '2024-10-27'),
	(302, '2024-10-28'),
	(303, '2024-10-29'),
	(304, '2024-10-30'),
	(305, '2024-10-31'),
	(306, '2024-11-01'),
	(307, '2024-11-02'),
	(308, '2024-11-03'),
	(309, '2024-11-04'),
	(310, '2024-11-05'),
	(311, '2024-11-06'),
	(312, '2024-11-07'),
	(313, '2024-11-08'),
	(314, '2024-11-09'),
	(315, '2024-11-10'),
	(316, '2024-11-11'),
	(317, '2024-11-12'),
	(318, '2024-11-13'),
	(319, '2024-11-14'),
	(320, '2024-11-15'),
	(321, '2024-11-16'),
	(322, '2024-11-17'),
	(323, '2024-11-18'),
	(324, '2024-11-19'),
	(325, '2024-11-20'),
	(326, '2024-11-21'),
	(327, '2024-11-22'),
	(328, '2024-11-23'),
	(329, '2024-11-24'),
	(330, '2024-11-25'),
	(331, '2024-11-26'),
	(332, '2024-11-27'),
	(333, '2024-11-28'),
	(334, '2024-11-29'),
	(335, '2024-11-30'),
	(336, '2024-12-01'),
	(337, '2024-12-02'),
	(338, '2024-12-03'),
	(339, '2024-12-04'),
	(340, '2024-12-05'),
	(341, '2024-12-06'),
	(342, '2024-12-07'),
	(343, '2024-12-08'),
	(344, '2024-12-09'),
	(345, '2024-12-10'),
	(346, '2024-12-11'),
	(347, '2024-12-12'),
	(348, '2024-12-13'),
	(349, '2024-12-14'),
	(350, '2024-12-15'),
	(351, '2024-12-16'),
	(352, '2024-12-17'),
	(353, '2024-12-18'),
	(354, '2024-12-19'),
	(355, '2024-12-20'),
	(356, '2024-12-21'),
	(357, '2024-12-22'),
	(358, '2024-12-23'),
	(359, '2024-12-24'),
	(360, '2024-12-25'),
	(361, '2024-12-26'),
	(362, '2024-12-27'),
	(363, '2024-12-28'),
	(364, '2024-12-29'),
	(365, '2024-12-30'),
	(366, '2024-12-31');

-- Dumping structure for table ga-sheet.category_preventive_breakdown
CREATE TABLE IF NOT EXISTS `category_preventive_breakdown` (
  `id` bigint(20) NOT NULL AUTO_INCREMENT,
  `name` varchar(50) DEFAULT NULL,
  `is_active` tinyint(4) DEFAULT NULL,
  `user_id` bigint(20) DEFAULT NULL,
  `user_update_id` bigint(20) DEFAULT NULL,
  `created_at` timestamp NULL DEFAULT NULL,
  `updated_at` timestamp NULL DEFAULT NULL,
  PRIMARY KEY (`id`)
) ENGINE=InnoDB AUTO_INCREMENT=4 DEFAULT CHARSET=latin1 COLLATE=latin1_swedish_ci;

-- Dumping data for table ga-sheet.category_preventive_breakdown: ~0 rows (approximately)
DELETE FROM `category_preventive_breakdown`;
INSERT INTO `category_preventive_breakdown` (`id`, `name`, `is_active`, `user_id`, `user_update_id`, `created_at`, `updated_at`) VALUES
	(3, 'Meja', 1, 2, NULL, '2024-07-16 19:22:00', '2024-07-16 19:22:00');

-- Dumping structure for table ga-sheet.cleaning_header
CREATE TABLE IF NOT EXISTS `cleaning_header` (
  `id` bigint(20) NOT NULL AUTO_INCREMENT,
  `date` timestamp NULL DEFAULT NULL,
  `status` tinyint(4) DEFAULT NULL,
  `reason_reject` text DEFAULT NULL,
  `reason_cancel` text DEFAULT NULL,
  `user_id` bigint(20) DEFAULT NULL,
  `user_nip` varchar(255) DEFAULT NULL,
  `user_phone` varchar(20) DEFAULT NULL,
  `user_name` varchar(255) DEFAULT NULL,
  `company_id` bigint(20) DEFAULT NULL,
  `company_name` varchar(255) DEFAULT NULL,
  `department_id` bigint(20) DEFAULT NULL,
  `department_name` varchar(255) DEFAULT NULL,
  `user_head_id` bigint(20) DEFAULT NULL,
  `user_head_nip` varchar(255) DEFAULT NULL,
  `user_head_name` varchar(255) DEFAULT NULL,
  `user_head_email` varchar(255) DEFAULT NULL,
  `user_head_phone` varchar(20) DEFAULT NULL,
  `user_update_id` bigint(20) DEFAULT NULL,
  `start_date` timestamp NULL DEFAULT NULL,
  `finish_date` timestamp NULL DEFAULT NULL,
  `pic_id` bigint(20) DEFAULT NULL,
  `pic_nip` varchar(255) DEFAULT NULL,
  `pic_name` varchar(255) DEFAULT NULL,
  `pic_email` varchar(255) DEFAULT NULL,
  `pic_phone` varchar(20) DEFAULT NULL,
  `category_id` bigint(20) DEFAULT NULL,
  `category_name` varchar(255) DEFAULT NULL,
  `number_of_work_id` bigint(20) DEFAULT NULL,
  `number_of_work_name` varchar(255) DEFAULT NULL,
  `lokasi_id` bigint(20) DEFAULT NULL,
  `lokasi_name` varchar(255) DEFAULT NULL,
  `gedung_id` bigint(20) DEFAULT NULL,
  `gedung_name` varchar(255) DEFAULT NULL,
  `ruangan_id` bigint(20) DEFAULT NULL,
  `ruangan_name` varchar(255) DEFAULT NULL,
  `created_at` timestamp NULL DEFAULT NULL,
  `updated_at` timestamp NULL DEFAULT NULL,
  PRIMARY KEY (`id`)
) ENGINE=InnoDB AUTO_INCREMENT=2 DEFAULT CHARSET=latin1 COLLATE=latin1_swedish_ci;

-- Dumping data for table ga-sheet.cleaning_header: ~0 rows (approximately)
DELETE FROM `cleaning_header`;
INSERT INTO `cleaning_header` (`id`, `date`, `status`, `reason_reject`, `reason_cancel`, `user_id`, `user_nip`, `user_phone`, `user_name`, `company_id`, `company_name`, `department_id`, `department_name`, `user_head_id`, `user_head_nip`, `user_head_name`, `user_head_email`, `user_head_phone`, `user_update_id`, `start_date`, `finish_date`, `pic_id`, `pic_nip`, `pic_name`, `pic_email`, `pic_phone`, `category_id`, `category_name`, `number_of_work_id`, `number_of_work_name`, `lokasi_id`, `lokasi_name`, `gedung_id`, `gedung_name`, `ruangan_id`, `ruangan_name`, `created_at`, `updated_at`) VALUES
	(1, '2024-08-10 20:19:53', 2, NULL, NULL, 2, '101210005', '6289532257738', 'Achmad Rizky', 1, 'PSU', 214, 'DEPT  IT & MIS', NULL, NULL, NULL, NULL, NULL, 2, NULL, NULL, 5, '11032156564', 'Sulton', 'sul@testr.com', '08546542321', NULL, NULL, NULL, NULL, 6, 'Jakarta', 4, 'HO', 4, 'Cendana', '2024-08-10 20:19:53', '2024-08-10 22:27:21');

-- Dumping structure for table ga-sheet.cleaning_signature
CREATE TABLE IF NOT EXISTS `cleaning_signature` (
  `id` bigint(20) NOT NULL AUTO_INCREMENT,
  `name` varchar(255) DEFAULT NULL,
  `nip` varchar(255) DEFAULT NULL,
  `email` varchar(255) DEFAULT NULL,
  `phone` varchar(20) DEFAULT NULL,
  `img` varchar(20) DEFAULT NULL,
  `link` varchar(20) DEFAULT NULL,
  `cleaning_header_id` bigint(20) DEFAULT NULL,
  `company_id` bigint(20) DEFAULT NULL,
  `company_name` varchar(255) DEFAULT NULL,
  `department_id` bigint(20) DEFAULT NULL,
  `department_name` varchar(255) DEFAULT NULL,
  `is_head` tinyint(4) DEFAULT NULL,
  `created_at` timestamp NULL DEFAULT NULL,
  `updated_at` timestamp NULL DEFAULT NULL,
  PRIMARY KEY (`id`) USING BTREE
) ENGINE=InnoDB DEFAULT CHARSET=latin1 COLLATE=latin1_swedish_ci ROW_FORMAT=COMPACT;

-- Dumping data for table ga-sheet.cleaning_signature: ~0 rows (approximately)
DELETE FROM `cleaning_signature`;

-- Dumping structure for table ga-sheet.cleaning_tx
CREATE TABLE IF NOT EXISTS `cleaning_tx` (
  `id` bigint(20) NOT NULL AUTO_INCREMENT,
  `cleaning_header_id` bigint(20) DEFAULT 0,
  `date` timestamp NULL DEFAULT NULL,
  `is_checked` tinyint(4) DEFAULT NULL,
  `description` text DEFAULT NULL,
  `alat_id` bigint(20) DEFAULT NULL,
  `alat_name` varchar(255) DEFAULT NULL,
  `simbol_kondisi_id` bigint(20) DEFAULT NULL,
  `simbol_kondisi_name` varchar(255) DEFAULT NULL,
  `status` tinyint(4) DEFAULT NULL,
  `reason_reject` text DEFAULT NULL,
  `reason_cancel` text DEFAULT NULL,
  `user_id` bigint(20) DEFAULT NULL,
  `user_nip` varchar(255) DEFAULT NULL,
  `user_phone` varchar(20) DEFAULT NULL,
  `user_name` varchar(255) DEFAULT NULL,
  `company_id` bigint(20) DEFAULT NULL,
  `company_name` varchar(255) DEFAULT NULL,
  `department_id` bigint(20) DEFAULT NULL,
  `department_name` varchar(255) DEFAULT NULL,
  `user_head_id` bigint(20) DEFAULT NULL,
  `user_head_nip` varchar(255) DEFAULT NULL,
  `user_head_name` varchar(255) DEFAULT NULL,
  `user_head_email` varchar(255) DEFAULT NULL,
  `user_head_phone` varchar(20) DEFAULT NULL,
  `user_update_id` bigint(20) DEFAULT NULL,
  `start_date` timestamp NULL DEFAULT NULL,
  `finish_date` timestamp NULL DEFAULT NULL,
  `pic_id` bigint(20) DEFAULT NULL,
  `pic_nip` varchar(255) DEFAULT NULL,
  `pic_name` varchar(255) DEFAULT NULL,
  `pic_email` varchar(255) DEFAULT NULL,
  `pic_phone` varchar(20) DEFAULT NULL,
  `category_id` bigint(20) DEFAULT NULL,
  `category_name` varchar(255) DEFAULT NULL,
  `number_of_work_id` bigint(20) DEFAULT NULL,
  `number_of_work_name` varchar(255) DEFAULT NULL,
  `created_at` timestamp NULL DEFAULT NULL,
  `updated_at` timestamp NULL DEFAULT NULL,
  `lokasi_id` bigint(20) DEFAULT NULL,
  `lokasi_name` varchar(255) DEFAULT NULL,
  `gedung_id` bigint(20) DEFAULT NULL,
  `gedung_name` varchar(255) DEFAULT NULL,
  `ruangan_id` bigint(20) DEFAULT NULL,
  `ruangan_name` varchar(255) DEFAULT NULL,
  PRIMARY KEY (`id`) USING BTREE
) ENGINE=InnoDB AUTO_INCREMENT=3 DEFAULT CHARSET=latin1 COLLATE=latin1_swedish_ci ROW_FORMAT=COMPACT;

-- Dumping data for table ga-sheet.cleaning_tx: ~2 rows (approximately)
DELETE FROM `cleaning_tx`;
INSERT INTO `cleaning_tx` (`id`, `cleaning_header_id`, `date`, `is_checked`, `description`, `alat_id`, `alat_name`, `simbol_kondisi_id`, `simbol_kondisi_name`, `status`, `reason_reject`, `reason_cancel`, `user_id`, `user_nip`, `user_phone`, `user_name`, `company_id`, `company_name`, `department_id`, `department_name`, `user_head_id`, `user_head_nip`, `user_head_name`, `user_head_email`, `user_head_phone`, `user_update_id`, `start_date`, `finish_date`, `pic_id`, `pic_nip`, `pic_name`, `pic_email`, `pic_phone`, `category_id`, `category_name`, `number_of_work_id`, `number_of_work_name`, `created_at`, `updated_at`, `lokasi_id`, `lokasi_name`, `gedung_id`, `gedung_name`, `ruangan_id`, `ruangan_name`) VALUES
	(1, 1, '2024-08-10 20:19:53', 1, NULL, 4, 'Pel', 3, 'Pembersihan', 1, NULL, NULL, 2, '101210005', '6289532257738', 'Achmad Rizky', 1, 'PSU', 214, 'DEPT  IT & MIS', NULL, NULL, NULL, NULL, NULL, 2, NULL, NULL, 5, '11032156564', 'Sulton', 'sul@testr.com', '08546542321', NULL, NULL, NULL, NULL, '2024-08-10 20:19:53', '2024-08-10 20:19:53', 6, 'Jakarta', 4, 'HO', 4, 'Cendana'),
	(2, 1, '2024-08-10 20:19:53', 1, NULL, 5, 'Sapu', 3, 'Pembersihan', 1, NULL, NULL, 2, '101210005', '6289532257738', 'Achmad Rizky', 1, 'PSU', 214, 'DEPT  IT & MIS', NULL, NULL, NULL, NULL, NULL, 2, NULL, NULL, 5, '11032156564', 'Sulton', 'sul@testr.com', '08546542321', NULL, NULL, NULL, NULL, '2024-08-10 20:19:53', '2024-08-10 20:19:53', 6, 'Jakarta', 4, 'HO', 4, 'Cendana');

-- Dumping structure for table ga-sheet.cleaning_tx_history
CREATE TABLE IF NOT EXISTS `cleaning_tx_history` (
  `id` bigint(20) NOT NULL AUTO_INCREMENT,
  `history_status` tinyint(4) DEFAULT NULL,
  `cleaning_header_id` bigint(20) DEFAULT 0,
  `cleaning_tx_id` bigint(20) DEFAULT 0,
  `is_checked` tinyint(4) DEFAULT NULL,
  `date` timestamp NULL DEFAULT NULL,
  `description` text DEFAULT NULL,
  `alat_id` bigint(20) DEFAULT NULL,
  `alat_name` varchar(255) DEFAULT NULL,
  `simbol_kondisi_id` bigint(20) DEFAULT NULL,
  `simbol_kondisi_name` varchar(255) DEFAULT NULL,
  `status` tinyint(4) DEFAULT NULL,
  `reason_reject` text DEFAULT NULL,
  `reason_cancel` text DEFAULT NULL,
  `user_id` bigint(20) DEFAULT NULL,
  `user_nip` varchar(255) DEFAULT NULL,
  `user_phone` varchar(20) DEFAULT NULL,
  `user_name` varchar(255) DEFAULT NULL,
  `company_id` bigint(20) DEFAULT NULL,
  `company_name` varchar(255) DEFAULT NULL,
  `department_id` bigint(20) DEFAULT NULL,
  `department_name` varchar(255) DEFAULT NULL,
  `user_head_id` bigint(20) DEFAULT NULL,
  `user_head_nip` varchar(255) DEFAULT NULL,
  `user_head_name` varchar(255) DEFAULT NULL,
  `user_head_email` varchar(255) DEFAULT NULL,
  `user_head_phone` varchar(20) DEFAULT NULL,
  `user_update_id` bigint(20) DEFAULT NULL,
  `start_date` timestamp NULL DEFAULT NULL,
  `finish_date` timestamp NULL DEFAULT NULL,
  `pic_id` bigint(20) DEFAULT NULL,
  `pic_nip` varchar(255) DEFAULT NULL,
  `pic_name` varchar(255) DEFAULT NULL,
  `pic_email` varchar(255) DEFAULT NULL,
  `pic_phone` varchar(20) DEFAULT NULL,
  `category_id` bigint(20) DEFAULT NULL,
  `category_name` varchar(255) DEFAULT NULL,
  `number_of_work_id` bigint(20) DEFAULT NULL,
  `number_of_work_name` varchar(255) DEFAULT NULL,
  `lokasi_id` bigint(20) DEFAULT NULL,
  `lokasi_name` varchar(255) DEFAULT NULL,
  `gedung_id` bigint(20) DEFAULT NULL,
  `gedung_name` varchar(255) DEFAULT NULL,
  `ruangan_id` bigint(20) DEFAULT NULL,
  `ruangan_name` varchar(255) DEFAULT NULL,
  `created_at` timestamp NULL DEFAULT NULL,
  `updated_at` timestamp NULL DEFAULT NULL,
  PRIMARY KEY (`id`) USING BTREE
) ENGINE=InnoDB AUTO_INCREMENT=5 DEFAULT CHARSET=latin1 COLLATE=latin1_swedish_ci ROW_FORMAT=COMPACT;

-- Dumping data for table ga-sheet.cleaning_tx_history: ~4 rows (approximately)
DELETE FROM `cleaning_tx_history`;
INSERT INTO `cleaning_tx_history` (`id`, `history_status`, `cleaning_header_id`, `cleaning_tx_id`, `is_checked`, `date`, `description`, `alat_id`, `alat_name`, `simbol_kondisi_id`, `simbol_kondisi_name`, `status`, `reason_reject`, `reason_cancel`, `user_id`, `user_nip`, `user_phone`, `user_name`, `company_id`, `company_name`, `department_id`, `department_name`, `user_head_id`, `user_head_nip`, `user_head_name`, `user_head_email`, `user_head_phone`, `user_update_id`, `start_date`, `finish_date`, `pic_id`, `pic_nip`, `pic_name`, `pic_email`, `pic_phone`, `category_id`, `category_name`, `number_of_work_id`, `number_of_work_name`, `lokasi_id`, `lokasi_name`, `gedung_id`, `gedung_name`, `ruangan_id`, `ruangan_name`, `created_at`, `updated_at`) VALUES
	(1, 0, 1, 1, 1, '2024-08-10 20:19:53', NULL, 4, 'Pel', 3, 'Pembersihan', 1, NULL, NULL, 2, '101210005', '6289532257738', 'Achmad Rizky', 1, 'PSU', 214, 'DEPT  IT & MIS', NULL, NULL, NULL, NULL, NULL, 2, NULL, NULL, 5, '11032156564', 'Sulton', 'sul@testr.com', '08546542321', NULL, NULL, NULL, NULL, 6, 'Jakarta', 4, 'HO', 4, 'Cendana', '2024-08-10 20:19:53', '2024-08-10 20:19:53'),
	(2, 0, 1, 2, 1, '2024-08-10 20:19:53', NULL, 5, 'Sapu', 3, 'Pembersihan', 1, NULL, NULL, 2, '101210005', '6289532257738', 'Achmad Rizky', 1, 'PSU', 214, 'DEPT  IT & MIS', NULL, NULL, NULL, NULL, NULL, 2, NULL, NULL, 5, '11032156564', 'Sulton', 'sul@testr.com', '08546542321', NULL, NULL, NULL, NULL, 6, 'Jakarta', 4, 'HO', 4, 'Cendana', '2024-08-10 20:19:53', '2024-08-10 20:19:53'),
	(3, 2, 1, 1, 1, '2024-08-10 20:19:53', NULL, 4, 'Pel', 3, 'Pembersihan', 2, NULL, NULL, 2, '101210005', '6289532257738', 'Achmad Rizky', 1, 'PSU', 214, 'DEPT  IT & MIS', NULL, NULL, NULL, NULL, NULL, 2, NULL, NULL, 5, '11032156564', 'Sulton', 'sul@testr.com', '08546542321', NULL, NULL, NULL, NULL, 6, 'Jakarta', 4, 'HO', 4, 'Cendana', '2024-08-10 22:27:21', '2024-08-10 22:27:21'),
	(4, 2, 1, 2, 1, '2024-08-10 20:19:53', NULL, 5, 'Sapu', 3, 'Pembersihan', 2, NULL, NULL, 2, '101210005', '6289532257738', 'Achmad Rizky', 1, 'PSU', 214, 'DEPT  IT & MIS', NULL, NULL, NULL, NULL, NULL, 2, NULL, NULL, 5, '11032156564', 'Sulton', 'sul@testr.com', '08546542321', NULL, NULL, NULL, NULL, 6, 'Jakarta', 4, 'HO', 4, 'Cendana', '2024-08-10 22:27:21', '2024-08-10 22:27:21');

-- Dumping structure for table ga-sheet.it_header
CREATE TABLE IF NOT EXISTS `it_header` (
  `id` bigint(20) NOT NULL AUTO_INCREMENT,
  `date` timestamp NULL DEFAULT NULL,
  `description` text DEFAULT NULL,
  `alat_id` bigint(20) DEFAULT NULL,
  `alat_name` varchar(255) DEFAULT NULL,
  `simbol_kondisi_id` bigint(20) DEFAULT NULL,
  `simbol_kondisi_name` varchar(255) DEFAULT NULL,
  `status` tinyint(4) DEFAULT NULL,
  `reason_reject` text DEFAULT NULL,
  `reason_cancel` text DEFAULT NULL,
  `user_id` bigint(20) DEFAULT NULL,
  `user_nip` varchar(255) DEFAULT NULL,
  `user_phone` varchar(20) DEFAULT NULL,
  `user_name` varchar(255) DEFAULT NULL,
  `company_id` bigint(20) DEFAULT NULL,
  `company_name` varchar(255) DEFAULT NULL,
  `department_id` bigint(20) DEFAULT NULL,
  `department_name` varchar(255) DEFAULT NULL,
  `user_head_id` bigint(20) DEFAULT NULL,
  `user_head_nip` varchar(255) DEFAULT NULL,
  `user_head_name` varchar(255) DEFAULT NULL,
  `user_head_email` varchar(255) DEFAULT NULL,
  `user_head_phone` varchar(20) DEFAULT NULL,
  `user_update_id` bigint(20) DEFAULT NULL,
  `start_date` timestamp NULL DEFAULT NULL,
  `finish_date` timestamp NULL DEFAULT NULL,
  `pic_id` bigint(20) DEFAULT NULL,
  `pic_nip` varchar(255) DEFAULT NULL,
  `pic_name` varchar(255) DEFAULT NULL,
  `pic_email` varchar(255) DEFAULT NULL,
  `pic_phone` varchar(20) DEFAULT NULL,
  `category_id` bigint(20) DEFAULT NULL,
  `category_name` varchar(255) DEFAULT NULL,
  `number_of_work_id` bigint(20) DEFAULT NULL,
  `number_of_work_name` varchar(255) DEFAULT NULL,
  `lokasi_id` bigint(20) DEFAULT NULL,
  `lokasi_name` varchar(255) DEFAULT NULL,
  `gedung_id` tinyint(4) DEFAULT NULL,
  `gedung_name` varchar(255) DEFAULT NULL,
  `ruangan_id` tinyint(4) DEFAULT NULL,
  `ruangan_name` varchar(255) DEFAULT NULL,
  `is_checked` tinyint(4) DEFAULT NULL,
  `created_at` timestamp NULL DEFAULT NULL,
  `updated_at` timestamp NULL DEFAULT NULL,
  PRIMARY KEY (`id`) USING BTREE
) ENGINE=InnoDB AUTO_INCREMENT=2 DEFAULT CHARSET=latin1 COLLATE=latin1_swedish_ci ROW_FORMAT=DYNAMIC;

-- Dumping data for table ga-sheet.it_header: ~1 rows (approximately)
DELETE FROM `it_header`;
INSERT INTO `it_header` (`id`, `date`, `description`, `alat_id`, `alat_name`, `simbol_kondisi_id`, `simbol_kondisi_name`, `status`, `reason_reject`, `reason_cancel`, `user_id`, `user_nip`, `user_phone`, `user_name`, `company_id`, `company_name`, `department_id`, `department_name`, `user_head_id`, `user_head_nip`, `user_head_name`, `user_head_email`, `user_head_phone`, `user_update_id`, `start_date`, `finish_date`, `pic_id`, `pic_nip`, `pic_name`, `pic_email`, `pic_phone`, `category_id`, `category_name`, `number_of_work_id`, `number_of_work_name`, `lokasi_id`, `lokasi_name`, `gedung_id`, `gedung_name`, `ruangan_id`, `ruangan_name`, `is_checked`, `created_at`, `updated_at`) VALUES
	(1, '2024-08-13 21:04:06', NULL, 6, 'Komputer', NULL, NULL, 2, NULL, NULL, 2, '101210005', '6289532257738', 'Achmad Rizky', 1, 'PSU', 214, 'DEPT  IT & MIS', NULL, NULL, NULL, NULL, NULL, 2, NULL, NULL, 14, '11032130953', 'Aryaaaa', 'arya@gmail.com', '08421321432', NULL, NULL, NULL, NULL, 6, 'Jakarta', 4, 'HO', 4, 'Cendana', NULL, '2024-08-13 21:04:06', '2024-08-13 21:04:27');

-- Dumping structure for table ga-sheet.it_signature
CREATE TABLE IF NOT EXISTS `it_signature` (
  `id` bigint(20) NOT NULL AUTO_INCREMENT,
  `name` varchar(255) DEFAULT NULL,
  `nip` varchar(255) DEFAULT NULL,
  `email` varchar(255) DEFAULT NULL,
  `phone` varchar(20) DEFAULT NULL,
  `img` varchar(20) DEFAULT NULL,
  `link` varchar(20) DEFAULT NULL,
  `maintenance_tx_id` bigint(20) DEFAULT NULL,
  `company_id` bigint(20) DEFAULT NULL,
  `company_name` varchar(255) DEFAULT NULL,
  `department_id` bigint(20) DEFAULT NULL,
  `department_name` varchar(255) DEFAULT NULL,
  `is_head` tinyint(4) DEFAULT NULL,
  `created_at` timestamp NULL DEFAULT NULL,
  `updated_at` timestamp NULL DEFAULT NULL,
  PRIMARY KEY (`id`) USING BTREE
) ENGINE=InnoDB DEFAULT CHARSET=latin1 COLLATE=latin1_swedish_ci ROW_FORMAT=DYNAMIC;

-- Dumping data for table ga-sheet.it_signature: ~0 rows (approximately)
DELETE FROM `it_signature`;

-- Dumping structure for table ga-sheet.it_tx
CREATE TABLE IF NOT EXISTS `it_tx` (
  `id` bigint(20) NOT NULL AUTO_INCREMENT,
  `date` timestamp NULL DEFAULT NULL,
  `it_header_id` bigint(20) DEFAULT NULL,
  `description` text DEFAULT NULL,
  `alat_id` bigint(20) DEFAULT NULL,
  `alat_name` varchar(255) DEFAULT NULL,
  `komponen_id` bigint(20) DEFAULT NULL,
  `komponen_name` varchar(255) DEFAULT NULL,
  `simbol_kondisi_id` bigint(20) DEFAULT NULL,
  `simbol_kondisi_name` varchar(255) DEFAULT NULL,
  `status` tinyint(4) DEFAULT NULL,
  `reason_reject` text DEFAULT NULL,
  `reason_cancel` text DEFAULT NULL,
  `user_id` bigint(20) DEFAULT NULL,
  `user_nip` varchar(255) DEFAULT NULL,
  `user_phone` varchar(20) DEFAULT NULL,
  `user_name` varchar(255) DEFAULT NULL,
  `company_id` bigint(20) DEFAULT NULL,
  `company_name` varchar(255) DEFAULT NULL,
  `department_id` bigint(20) DEFAULT NULL,
  `department_name` varchar(255) DEFAULT NULL,
  `user_head_id` bigint(20) DEFAULT NULL,
  `user_head_nip` varchar(255) DEFAULT NULL,
  `user_head_name` varchar(255) DEFAULT NULL,
  `user_head_email` varchar(255) DEFAULT NULL,
  `user_head_phone` varchar(20) DEFAULT NULL,
  `user_update_id` bigint(20) DEFAULT NULL,
  `start_date` timestamp NULL DEFAULT NULL,
  `finish_date` timestamp NULL DEFAULT NULL,
  `pic_id` bigint(20) DEFAULT NULL,
  `pic_nip` varchar(255) DEFAULT NULL,
  `pic_name` varchar(255) DEFAULT NULL,
  `pic_email` varchar(255) DEFAULT NULL,
  `pic_phone` varchar(20) DEFAULT NULL,
  `category_id` bigint(20) DEFAULT NULL,
  `category_name` varchar(255) DEFAULT NULL,
  `number_of_work_id` bigint(20) DEFAULT NULL,
  `number_of_work_name` varchar(255) DEFAULT NULL,
  `lokasi_id` bigint(20) DEFAULT NULL,
  `lokasi_name` varchar(255) DEFAULT NULL,
  `gedung_id` tinyint(4) DEFAULT NULL,
  `gedung_name` varchar(255) DEFAULT NULL,
  `ruangan_id` tinyint(4) DEFAULT NULL,
  `ruangan_name` varchar(255) DEFAULT NULL,
  `is_checked` tinyint(4) DEFAULT NULL,
  `created_at` timestamp NULL DEFAULT NULL,
  `updated_at` timestamp NULL DEFAULT NULL,
  PRIMARY KEY (`id`) USING BTREE
) ENGINE=InnoDB AUTO_INCREMENT=3 DEFAULT CHARSET=latin1 COLLATE=latin1_swedish_ci ROW_FORMAT=DYNAMIC;

-- Dumping data for table ga-sheet.it_tx: ~2 rows (approximately)
DELETE FROM `it_tx`;
INSERT INTO `it_tx` (`id`, `date`, `it_header_id`, `description`, `alat_id`, `alat_name`, `komponen_id`, `komponen_name`, `simbol_kondisi_id`, `simbol_kondisi_name`, `status`, `reason_reject`, `reason_cancel`, `user_id`, `user_nip`, `user_phone`, `user_name`, `company_id`, `company_name`, `department_id`, `department_name`, `user_head_id`, `user_head_nip`, `user_head_name`, `user_head_email`, `user_head_phone`, `user_update_id`, `start_date`, `finish_date`, `pic_id`, `pic_nip`, `pic_name`, `pic_email`, `pic_phone`, `category_id`, `category_name`, `number_of_work_id`, `number_of_work_name`, `lokasi_id`, `lokasi_name`, `gedung_id`, `gedung_name`, `ruangan_id`, `ruangan_name`, `is_checked`, `created_at`, `updated_at`) VALUES
	(1, '2024-08-13 21:04:06', 1, 'test', 6, 'Komputer', 1, 'IT', 14, 'Normal', 1, NULL, NULL, 2, '101210005', '6289532257738', 'Achmad Rizky', 1, 'PSU', 214, 'DEPT  IT & MIS', NULL, NULL, NULL, NULL, NULL, 2, NULL, NULL, 14, '11032130953', 'Aryaaaa', 'arya@gmail.com', '08421321432', NULL, NULL, NULL, NULL, 6, 'Jakarta', 4, 'HO', 4, 'Cendana', 1, '2024-08-13 21:04:06', '2024-08-13 21:04:06'),
	(2, '2024-08-13 21:04:06', 1, 'test', 6, 'Komputer', 2, 'Headset', 14, 'Normal', 1, NULL, NULL, 2, '101210005', '6289532257738', 'Achmad Rizky', 1, 'PSU', 214, 'DEPT  IT & MIS', NULL, NULL, NULL, NULL, NULL, 2, NULL, NULL, 14, '11032130953', 'Aryaaaa', 'arya@gmail.com', '08421321432', NULL, NULL, NULL, NULL, 6, 'Jakarta', 4, 'HO', 4, 'Cendana', 1, '2024-08-13 21:04:06', '2024-08-13 21:04:06');

-- Dumping structure for table ga-sheet.it_tx_history
CREATE TABLE IF NOT EXISTS `it_tx_history` (
  `id` bigint(20) NOT NULL AUTO_INCREMENT,
  `history_status` tinyint(4) DEFAULT NULL,
  `it_header_id` bigint(20) DEFAULT 0,
  `it_tx_id` bigint(20) DEFAULT 0,
  `date` timestamp NULL DEFAULT NULL,
  `description` text DEFAULT NULL,
  `alat_id` bigint(20) DEFAULT NULL,
  `alat_name` varchar(255) DEFAULT NULL,
  `komponen_id` bigint(20) DEFAULT NULL,
  `komponen_name` varchar(50) DEFAULT NULL,
  `simbol_kondisi_id` bigint(20) DEFAULT NULL,
  `simbol_kondisi_name` varchar(255) DEFAULT NULL,
  `status` tinyint(4) DEFAULT NULL,
  `reason_reject` text DEFAULT NULL,
  `reason_cancel` text DEFAULT NULL,
  `user_id` bigint(20) DEFAULT NULL,
  `user_nip` varchar(255) DEFAULT NULL,
  `user_phone` varchar(20) DEFAULT NULL,
  `user_name` varchar(255) DEFAULT NULL,
  `company_id` bigint(20) DEFAULT NULL,
  `company_name` varchar(255) DEFAULT NULL,
  `department_id` bigint(20) DEFAULT NULL,
  `department_name` varchar(255) DEFAULT NULL,
  `user_head_id` bigint(20) DEFAULT NULL,
  `user_head_nip` varchar(255) DEFAULT NULL,
  `user_head_name` varchar(255) DEFAULT NULL,
  `user_head_email` varchar(255) DEFAULT NULL,
  `user_head_phone` varchar(20) DEFAULT NULL,
  `user_update_id` bigint(20) DEFAULT NULL,
  `start_date` timestamp NULL DEFAULT NULL,
  `finish_date` timestamp NULL DEFAULT NULL,
  `pic_id` bigint(20) DEFAULT NULL,
  `pic_nip` varchar(255) DEFAULT NULL,
  `pic_name` varchar(255) DEFAULT NULL,
  `pic_email` varchar(255) DEFAULT NULL,
  `pic_phone` varchar(20) DEFAULT NULL,
  `category_id` bigint(20) DEFAULT NULL,
  `category_name` varchar(255) DEFAULT NULL,
  `number_of_work_id` bigint(20) DEFAULT NULL,
  `number_of_work_name` varchar(255) DEFAULT NULL,
  `lokasi_id` bigint(20) DEFAULT NULL,
  `lokasi_name` varchar(255) DEFAULT NULL,
  `gedung_id` bigint(20) DEFAULT NULL,
  `gedung_name` varchar(255) DEFAULT NULL,
  `ruangan_id` bigint(20) DEFAULT NULL,
  `ruangan_name` varchar(255) DEFAULT NULL,
  `is_checked` tinyint(4) DEFAULT NULL,
  `created_at` timestamp NULL DEFAULT NULL,
  `updated_at` timestamp NULL DEFAULT NULL,
  PRIMARY KEY (`id`) USING BTREE
) ENGINE=InnoDB AUTO_INCREMENT=5 DEFAULT CHARSET=latin1 COLLATE=latin1_swedish_ci ROW_FORMAT=COMPACT;

-- Dumping data for table ga-sheet.it_tx_history: ~4 rows (approximately)
DELETE FROM `it_tx_history`;
INSERT INTO `it_tx_history` (`id`, `history_status`, `it_header_id`, `it_tx_id`, `date`, `description`, `alat_id`, `alat_name`, `komponen_id`, `komponen_name`, `simbol_kondisi_id`, `simbol_kondisi_name`, `status`, `reason_reject`, `reason_cancel`, `user_id`, `user_nip`, `user_phone`, `user_name`, `company_id`, `company_name`, `department_id`, `department_name`, `user_head_id`, `user_head_nip`, `user_head_name`, `user_head_email`, `user_head_phone`, `user_update_id`, `start_date`, `finish_date`, `pic_id`, `pic_nip`, `pic_name`, `pic_email`, `pic_phone`, `category_id`, `category_name`, `number_of_work_id`, `number_of_work_name`, `lokasi_id`, `lokasi_name`, `gedung_id`, `gedung_name`, `ruangan_id`, `ruangan_name`, `is_checked`, `created_at`, `updated_at`) VALUES
	(1, 0, 1, 1, '2024-08-13 21:04:06', 'test', 6, 'Komputer', 1, 'IT', 14, 'Normal', 1, NULL, NULL, 2, '101210005', '6289532257738', 'Achmad Rizky', 1, 'PSU', 214, 'DEPT  IT & MIS', NULL, NULL, NULL, NULL, NULL, 2, NULL, NULL, 14, '11032130953', 'Aryaaaa', 'arya@gmail.com', '08421321432', NULL, NULL, NULL, NULL, 6, 'Jakarta', 4, 'HO', 4, 'Cendana', 1, '2024-08-13 21:04:06', '2024-08-13 21:04:06'),
	(2, 0, 1, 2, '2024-08-13 21:04:06', 'test', 6, 'Komputer', 2, 'Headset', 14, 'Normal', 1, NULL, NULL, 2, '101210005', '6289532257738', 'Achmad Rizky', 1, 'PSU', 214, 'DEPT  IT & MIS', NULL, NULL, NULL, NULL, NULL, 2, NULL, NULL, 14, '11032130953', 'Aryaaaa', 'arya@gmail.com', '08421321432', NULL, NULL, NULL, NULL, 6, 'Jakarta', 4, 'HO', 4, 'Cendana', 1, '2024-08-13 21:04:06', '2024-08-13 21:04:06'),
	(3, 2, 1, 1, '2024-08-13 21:04:06', 'test', 6, 'Komputer', 1, 'IT', 14, 'Normal', 2, NULL, NULL, 2, '101210005', '6289532257738', 'Achmad Rizky', 1, 'PSU', 214, 'DEPT  IT & MIS', NULL, NULL, NULL, NULL, NULL, 2, NULL, NULL, 14, '11032130953', 'Aryaaaa', 'arya@gmail.com', '08421321432', NULL, NULL, NULL, NULL, 6, 'Jakarta', 4, 'HO', 4, 'Cendana', 1, '2024-08-13 21:04:27', '2024-08-13 21:04:27'),
	(4, 2, 1, 2, '2024-08-13 21:04:06', 'test', 6, 'Komputer', 2, 'Headset', 14, 'Normal', 2, NULL, NULL, 2, '101210005', '6289532257738', 'Achmad Rizky', 1, 'PSU', 214, 'DEPT  IT & MIS', NULL, NULL, NULL, NULL, NULL, 2, NULL, NULL, 14, '11032130953', 'Aryaaaa', 'arya@gmail.com', '08421321432', NULL, NULL, NULL, NULL, 6, 'Jakarta', 4, 'HO', 4, 'Cendana', 1, '2024-08-13 21:04:27', '2024-08-13 21:04:27');

-- Dumping structure for table ga-sheet.lara_activities_log
CREATE TABLE IF NOT EXISTS `lara_activities_log` (
  `id` bigint(20) unsigned NOT NULL AUTO_INCREMENT,
  `user_id` bigint(20) unsigned DEFAULT NULL,
  `url` varchar(255) CHARACTER SET utf8mb4 COLLATE utf8mb4_unicode_ci DEFAULT NULL,
  `subject` varchar(255) CHARACTER SET utf8mb4 COLLATE utf8mb4_unicode_ci DEFAULT NULL,
  `method` varchar(255) CHARACTER SET utf8mb4 COLLATE utf8mb4_unicode_ci DEFAULT NULL,
  `ip_address` varchar(255) CHARACTER SET utf8mb4 COLLATE utf8mb4_unicode_ci DEFAULT NULL,
  `agent` varchar(255) CHARACTER SET utf8mb4 COLLATE utf8mb4_unicode_ci DEFAULT NULL,
  `created_at` timestamp NULL DEFAULT NULL,
  `updated_at` timestamp NULL DEFAULT NULL,
  PRIMARY KEY (`id`)
) ENGINE=InnoDB AUTO_INCREMENT=576 DEFAULT CHARSET=armscii8 COLLATE=armscii8_bin;

-- Dumping data for table ga-sheet.lara_activities_log: ~407 rows (approximately)
DELETE FROM `lara_activities_log`;
INSERT INTO `lara_activities_log` (`id`, `user_id`, `url`, `subject`, `method`, `ip_address`, `agent`, `created_at`, `updated_at`) VALUES
	(89, 2, 'http://192.168.117.177:8000/master/item', 'user store data master item', 'POST', '192.168.117.177', 'Mozilla/5.0 (Windows NT 10.0; Win64; x64) AppleWebKit/537.36 (KHTML, like Gecko) Chrome/115.0.0.0 Safari/537.36', '2023-08-08 01:45:57', '2023-08-08 01:45:57'),
	(90, 2, 'http://192.168.117.177:8000/master/item', 'user store data master item', 'POST', '192.168.117.177', 'Mozilla/5.0 (Windows NT 10.0; Win64; x64) AppleWebKit/537.36 (KHTML, like Gecko) Chrome/115.0.0.0 Safari/537.36', '2023-08-08 21:35:31', '2023-08-08 21:35:31'),
	(91, 2, 'http://192.168.117.177:8000/master/item', 'user store data master item', 'POST', '192.168.117.177', 'Mozilla/5.0 (Windows NT 10.0; Win64; x64) AppleWebKit/537.36 (KHTML, like Gecko) Chrome/115.0.0.0 Safari/537.36', '2023-08-08 21:50:22', '2023-08-08 21:50:22'),
	(92, 2, 'http://192.168.117.177:8000/master/item', 'user store data master item', 'POST', '192.168.117.177', 'Mozilla/5.0 (Windows NT 10.0; Win64; x64) AppleWebKit/537.36 (KHTML, like Gecko) Chrome/115.0.0.0 Safari/537.36', '2023-08-08 21:52:52', '2023-08-08 21:52:52'),
	(93, 2, 'http://192.168.117.177:8000/master/item', 'user store data master item', 'POST', '192.168.117.177', 'Mozilla/5.0 (Windows NT 10.0; Win64; x64) AppleWebKit/537.36 (KHTML, like Gecko) Chrome/115.0.0.0 Safari/537.36', '2023-08-08 23:23:54', '2023-08-08 23:23:54'),
	(94, 2, 'http://192.168.117.177:8000/master/item', 'user store data master item', 'POST', '192.168.117.177', 'Mozilla/5.0 (Windows NT 10.0; Win64; x64) AppleWebKit/537.36 (KHTML, like Gecko) Chrome/115.0.0.0 Safari/537.36', '2023-08-09 00:13:52', '2023-08-09 00:13:52'),
	(95, 2, 'http://192.168.117.177:8000/master/item', 'user store data master item', 'POST', '192.168.117.177', 'Mozilla/5.0 (Windows NT 10.0; Win64; x64) AppleWebKit/537.36 (KHTML, like Gecko) Chrome/115.0.0.0 Safari/537.36', '2023-08-09 00:45:01', '2023-08-09 00:45:01'),
	(96, 2, 'http://192.168.117.177:8000/master/produk', 'user store data produk', 'POST', '192.168.117.177', 'Mozilla/5.0 (Windows NT 10.0; Win64; x64) AppleWebKit/537.36 (KHTML, like Gecko) Chrome/115.0.0.0 Safari/537.36', '2023-08-09 01:48:08', '2023-08-09 01:48:08'),
	(97, 2, 'http://192.168.117.177:8000/master/item', 'user store data master item', 'POST', '192.168.117.177', 'Mozilla/5.0 (Windows NT 10.0; Win64; x64) AppleWebKit/537.36 (KHTML, like Gecko) Chrome/115.0.0.0 Safari/537.36', '2023-08-09 21:37:36', '2023-08-09 21:37:36'),
	(98, 2, 'http://192.168.117.177:8000/master/item', 'user store data master item', 'POST', '192.168.117.177', 'Mozilla/5.0 (Windows NT 10.0; Win64; x64) AppleWebKit/537.36 (KHTML, like Gecko) Chrome/115.0.0.0 Safari/537.36', '2023-08-09 21:38:20', '2023-08-09 21:38:20'),
	(99, 2, 'http://192.168.117.177:8000/master/item', 'user store data master item', 'POST', '192.168.117.177', 'Mozilla/5.0 (Windows NT 10.0; Win64; x64) AppleWebKit/537.36 (KHTML, like Gecko) Chrome/115.0.0.0 Safari/537.36', '2023-08-09 21:39:17', '2023-08-09 21:39:17'),
	(100, 2, 'http://192.168.117.177:8000/master/item', 'user store data master item', 'POST', '192.168.117.177', 'Mozilla/5.0 (Windows NT 10.0; Win64; x64) AppleWebKit/537.36 (KHTML, like Gecko) Chrome/115.0.0.0 Safari/537.36', '2023-08-09 21:39:56', '2023-08-09 21:39:56'),
	(101, 2, 'http://192.168.117.177:8000/master/item', 'user store data master item', 'POST', '192.168.117.177', 'Mozilla/5.0 (Windows NT 10.0; Win64; x64) AppleWebKit/537.36 (KHTML, like Gecko) Chrome/115.0.0.0 Safari/537.36', '2023-08-09 21:41:28', '2023-08-09 21:41:28'),
	(102, 2, 'http://192.168.117.177:8000/master/item', 'user store data master item', 'POST', '192.168.117.177', 'Mozilla/5.0 (Windows NT 10.0; Win64; x64) AppleWebKit/537.36 (KHTML, like Gecko) Chrome/115.0.0.0 Safari/537.36', '2023-08-09 21:42:05', '2023-08-09 21:42:05'),
	(103, 2, 'http://192.168.117.177:8000/master/item', 'user store data master item', 'POST', '192.168.117.177', 'Mozilla/5.0 (Windows NT 10.0; Win64; x64) AppleWebKit/537.36 (KHTML, like Gecko) Chrome/115.0.0.0 Safari/537.36', '2023-08-09 21:42:36', '2023-08-09 21:42:36'),
	(104, 2, 'http://192.168.117.177:8000/master/item', 'user store data master item', 'POST', '192.168.117.177', 'Mozilla/5.0 (Windows NT 10.0; Win64; x64) AppleWebKit/537.36 (KHTML, like Gecko) Chrome/115.0.0.0 Safari/537.36', '2023-08-09 21:43:03', '2023-08-09 21:43:03'),
	(105, 2, 'http://192.168.117.177:8000/master/item', 'user store data master item', 'POST', '192.168.117.177', 'Mozilla/5.0 (Windows NT 10.0; Win64; x64) AppleWebKit/537.36 (KHTML, like Gecko) Chrome/115.0.0.0 Safari/537.36', '2023-08-09 21:44:00', '2023-08-09 21:44:00'),
	(106, 2, 'http://192.168.117.177:8000/master/item', 'user store data master item', 'POST', '192.168.117.177', 'Mozilla/5.0 (Windows NT 10.0; Win64; x64) AppleWebKit/537.36 (KHTML, like Gecko) Chrome/115.0.0.0 Safari/537.36', '2023-08-09 21:44:47', '2023-08-09 21:44:47'),
	(107, 2, 'http://192.168.117.177:8000/master/item', 'user store data master item', 'POST', '192.168.117.177', 'Mozilla/5.0 (Windows NT 10.0; Win64; x64) AppleWebKit/537.36 (KHTML, like Gecko) Chrome/115.0.0.0 Safari/537.36', '2023-08-10 00:44:22', '2023-08-10 00:44:22'),
	(108, 2, 'http://192.168.117.177:8000/master/item', 'user store data master item', 'POST', '192.168.117.177', 'Mozilla/5.0 (Windows NT 10.0; Win64; x64) AppleWebKit/537.36 (KHTML, like Gecko) Chrome/115.0.0.0 Safari/537.36', '2023-08-10 00:49:19', '2023-08-10 00:49:19'),
	(109, 2, 'http://192.168.117.177:8000/master/item', 'user store data master item', 'POST', '192.168.117.177', 'Mozilla/5.0 (Windows NT 10.0; Win64; x64) AppleWebKit/537.36 (KHTML, like Gecko) Chrome/115.0.0.0 Safari/537.36', '2023-08-10 00:50:24', '2023-08-10 00:50:24'),
	(110, 2, 'http://192.168.117.177:8000/master/produk', 'user store data produk', 'POST', '192.168.117.177', 'Mozilla/5.0 (Windows NT 10.0; Win64; x64) AppleWebKit/537.36 (KHTML, like Gecko) Chrome/115.0.0.0 Safari/537.36', '2023-08-10 00:52:54', '2023-08-10 00:52:54'),
	(111, 2, 'http://192.168.117.177:8000/master/produk', 'user store data produk', 'POST', '192.168.117.177', 'Mozilla/5.0 (Windows NT 10.0; Win64; x64) AppleWebKit/537.36 (KHTML, like Gecko) Chrome/115.0.0.0 Safari/537.36', '2023-08-10 00:53:08', '2023-08-10 00:53:08'),
	(112, 2, 'http://192.168.117.177:8000/master/produk', 'user store data produk', 'POST', '192.168.117.177', 'Mozilla/5.0 (Windows NT 10.0; Win64; x64) AppleWebKit/537.36 (KHTML, like Gecko) Chrome/115.0.0.0 Safari/537.36', '2023-08-10 00:53:20', '2023-08-10 00:53:20'),
	(113, 2, 'http://192.168.117.177:8000/bom/setup', 'user store data bom', 'POST', '192.168.117.177', 'Mozilla/5.0 (Windows NT 10.0; Win64; x64) AppleWebKit/537.36 (KHTML, like Gecko) Chrome/115.0.0.0 Safari/537.36', '2023-08-10 01:34:17', '2023-08-10 01:34:17'),
	(114, 2, 'http://192.168.117.177:8000/bom/setup', 'user store data bom', 'POST', '192.168.117.177', 'Mozilla/5.0 (Windows NT 10.0; Win64; x64) AppleWebKit/537.36 (KHTML, like Gecko) Chrome/115.0.0.0 Safari/537.36', '2023-08-10 01:47:11', '2023-08-10 01:47:11'),
	(115, 2, 'http://192.168.117.177:8000/bom/setup', 'user store data bom', 'POST', '192.168.117.177', 'Mozilla/5.0 (Windows NT 10.0; Win64; x64) AppleWebKit/537.36 (KHTML, like Gecko) Chrome/115.0.0.0 Safari/537.36', '2023-08-10 19:29:47', '2023-08-10 19:29:47'),
	(116, 2, 'http://192.168.146.106:8000/bom/setup', 'user store data bom', 'POST', '192.168.146.106', 'Mozilla/5.0 (Windows NT 10.0; Win64; x64) AppleWebKit/537.36 (KHTML, like Gecko) Chrome/115.0.0.0 Safari/537.36', '2023-08-13 00:32:48', '2023-08-13 00:32:48'),
	(117, 2, 'http://192.168.146.106:8000/bom/setup/1', 'user update data bom', 'PUT', '192.168.146.106', 'Mozilla/5.0 (Windows NT 10.0; Win64; x64) AppleWebKit/537.36 (KHTML, like Gecko) Chrome/115.0.0.0 Safari/537.36', '2023-08-13 00:43:51', '2023-08-13 00:43:51'),
	(118, 2, 'http://192.168.146.106:8000/bom/approval_rnd_atasan/1', 'user update data bom atasan', 'PUT', '192.168.146.106', 'Mozilla/5.0 (Windows NT 10.0; Win64; x64) AppleWebKit/537.36 (KHTML, like Gecko) Chrome/115.0.0.0 Safari/537.36', '2023-08-13 01:19:59', '2023-08-13 01:19:59'),
	(119, 2, 'http://192.168.146.106:8000/bom/setup/1', 'user update data bom', 'PUT', '192.168.146.106', 'Mozilla/5.0 (Windows NT 10.0; Win64; x64) AppleWebKit/537.36 (KHTML, like Gecko) Chrome/115.0.0.0 Safari/537.36', '2023-08-13 01:20:52', '2023-08-13 01:20:52'),
	(120, 2, 'http://192.168.146.106:8000/bom/approval_rnd_atasan/1', 'user update data bom atasan', 'PUT', '192.168.146.106', 'Mozilla/5.0 (Windows NT 10.0; Win64; x64) AppleWebKit/537.36 (KHTML, like Gecko) Chrome/115.0.0.0 Safari/537.36', '2023-08-13 01:21:44', '2023-08-13 01:21:44'),
	(121, 2, 'http://192.168.146.106:8000/bom/approval_rnd_atasan/1', 'user update data bom atasan', 'PUT', '192.168.146.106', 'Mozilla/5.0 (Windows NT 10.0; Win64; x64) AppleWebKit/537.36 (KHTML, like Gecko) Chrome/115.0.0.0 Safari/537.36', '2023-08-13 01:27:46', '2023-08-13 01:27:46'),
	(122, 2, 'http://192.168.146.106:8000/bom/setup/1', 'user update data bom', 'PUT', '192.168.146.106', 'Mozilla/5.0 (Windows NT 10.0; Win64; x64) AppleWebKit/537.36 (KHTML, like Gecko) Chrome/115.0.0.0 Safari/537.36', '2023-08-13 01:28:11', '2023-08-13 01:28:11'),
	(123, 2, 'http://192.168.146.106:8000/bom/approval_rnd_atasan/1', 'user update data bom atasan', 'PUT', '192.168.146.106', 'Mozilla/5.0 (Windows NT 10.0; Win64; x64) AppleWebKit/537.36 (KHTML, like Gecko) Chrome/115.0.0.0 Safari/537.36', '2023-08-13 01:28:56', '2023-08-13 01:28:56'),
	(124, 2, 'http://192.168.146.106:8000/bom/setup/1/copy', 'user copy data bom', 'PUT', '192.168.146.106', 'Mozilla/5.0 (Windows NT 10.0; Win64; x64) AppleWebKit/537.36 (KHTML, like Gecko) Chrome/115.0.0.0 Safari/537.36', '2023-08-13 01:33:42', '2023-08-13 01:33:42'),
	(125, 2, 'http://192.168.146.106:8000/bom/setup/3', 'user update data bom', 'PUT', '192.168.146.106', 'Mozilla/5.0 (Windows NT 10.0; Win64; x64) AppleWebKit/537.36 (KHTML, like Gecko) Chrome/115.0.0.0 Safari/537.36', '2023-08-13 01:34:32', '2023-08-13 01:34:32'),
	(126, 2, 'http://192.168.146.106:8000/bom/approval_rnd_atasan/3', 'user update data bom atasan', 'PUT', '192.168.146.106', 'Mozilla/5.0 (Windows NT 10.0; Win64; x64) AppleWebKit/537.36 (KHTML, like Gecko) Chrome/115.0.0.0 Safari/537.36', '2023-08-13 01:34:56', '2023-08-13 01:34:56'),
	(127, 2, 'http://192.168.146.106:8000/bom/setup', 'user store data bom', 'POST', '192.168.146.106', 'Mozilla/5.0 (Windows NT 10.0; Win64; x64) AppleWebKit/537.36 (KHTML, like Gecko) Chrome/115.0.0.0 Safari/537.36', '2023-08-13 01:41:04', '2023-08-13 01:41:04'),
	(128, 2, 'http://192.168.146.106:8000/bom/setup/5', 'user update data bom', 'PUT', '192.168.146.106', 'Mozilla/5.0 (Windows NT 10.0; Win64; x64) AppleWebKit/537.36 (KHTML, like Gecko) Chrome/115.0.0.0 Safari/537.36', '2023-08-13 01:42:47', '2023-08-13 01:42:47'),
	(129, 2, 'http://192.168.146.106:8000/bom/approval_rnd_atasan/5', 'user update data bom atasan', 'PUT', '192.168.146.106', 'Mozilla/5.0 (Windows NT 10.0; Win64; x64) AppleWebKit/537.36 (KHTML, like Gecko) Chrome/115.0.0.0 Safari/537.36', '2023-08-13 01:43:19', '2023-08-13 01:43:19'),
	(130, 2, 'http://192.168.146.106:8000/bom/setup', 'user store data bom', 'POST', '192.168.146.106', 'Mozilla/5.0 (Windows NT 10.0; Win64; x64) AppleWebKit/537.36 (KHTML, like Gecko) Chrome/115.0.0.0 Safari/537.36', '2023-08-13 01:49:23', '2023-08-13 01:49:23'),
	(131, 2, 'http://192.168.146.106:8000/bom/setup/6', 'user update data bom', 'PUT', '192.168.146.106', 'Mozilla/5.0 (Windows NT 10.0; Win64; x64) AppleWebKit/537.36 (KHTML, like Gecko) Chrome/115.0.0.0 Safari/537.36', '2023-08-13 01:51:27', '2023-08-13 01:51:27'),
	(132, 2, 'http://192.168.146.106:8000/bom/approval_rnd_atasan/6', 'user update data bom atasan', 'PUT', '192.168.146.106', 'Mozilla/5.0 (Windows NT 10.0; Win64; x64) AppleWebKit/537.36 (KHTML, like Gecko) Chrome/115.0.0.0 Safari/537.36', '2023-08-13 01:53:28', '2023-08-13 01:53:28'),
	(133, 2, 'http://192.168.146.106:8000/ppic/production_plan', 'user store data ppic', 'POST', '192.168.146.106', 'Mozilla/5.0 (Windows NT 10.0; Win64; x64) AppleWebKit/537.36 (KHTML, like Gecko) Chrome/115.0.0.0 Safari/537.36', '2023-08-13 02:17:46', '2023-08-13 02:17:46'),
	(134, 2, 'http://192.168.146.106:8000/ppic/production_plan', 'user store data ppic', 'POST', '192.168.146.106', 'Mozilla/5.0 (Windows NT 10.0; Win64; x64) AppleWebKit/537.36 (KHTML, like Gecko) Chrome/115.0.0.0 Safari/537.36', '2023-08-13 02:23:17', '2023-08-13 02:23:17'),
	(135, 2, 'http://192.168.146.106:8000/ppic/production_plan', 'user store data ppic', 'POST', '192.168.146.106', 'Mozilla/5.0 (Windows NT 10.0; Win64; x64) AppleWebKit/537.36 (KHTML, like Gecko) Chrome/115.0.0.0 Safari/537.36', '2023-08-13 02:31:41', '2023-08-13 02:31:41'),
	(136, 2, 'http://192.168.146.106:8000/ppic/production_plan/1', 'user update data ppic', 'PUT', '192.168.146.106', 'Mozilla/5.0 (Windows NT 10.0; Win64; x64) AppleWebKit/537.36 (KHTML, like Gecko) Chrome/115.0.0.0 Safari/537.36', '2023-08-13 02:31:55', '2023-08-13 02:31:55'),
	(137, 2, 'http://192.168.146.106:8000/ppic/approval_ppic_atasan/1', 'user update data ppic atasan', 'PUT', '192.168.146.106', 'Mozilla/5.0 (Windows NT 10.0; Win64; x64) AppleWebKit/537.36 (KHTML, like Gecko) Chrome/115.0.0.0 Safari/537.36', '2023-08-13 02:38:40', '2023-08-13 02:38:40'),
	(138, 2, 'http://192.168.117.177:8000/admin/permission', 'user store data permission', 'POST', '192.168.117.177', 'Mozilla/5.0 (Windows NT 10.0; Win64; x64) AppleWebKit/537.36 (KHTML, like Gecko) Chrome/115.0.0.0 Safari/537.36', '2023-08-13 20:39:58', '2023-08-13 20:39:58'),
	(139, 2, 'http://192.168.117.177:8000/admin/permission', 'user store data permission', 'POST', '192.168.117.177', 'Mozilla/5.0 (Windows NT 10.0; Win64; x64) AppleWebKit/537.36 (KHTML, like Gecko) Chrome/115.0.0.0 Safari/537.36', '2023-08-13 20:40:04', '2023-08-13 20:40:04'),
	(140, 2, 'http://192.168.117.177:8000/admin/permission', 'user store data permission', 'POST', '192.168.117.177', 'Mozilla/5.0 (Windows NT 10.0; Win64; x64) AppleWebKit/537.36 (KHTML, like Gecko) Chrome/115.0.0.0 Safari/537.36', '2023-08-13 20:40:11', '2023-08-13 20:40:11'),
	(141, 2, 'http://192.168.117.177:8000/admin/permission', 'user store data permission', 'POST', '192.168.117.177', 'Mozilla/5.0 (Windows NT 10.0; Win64; x64) AppleWebKit/537.36 (KHTML, like Gecko) Chrome/115.0.0.0 Safari/537.36', '2023-08-13 20:40:18', '2023-08-13 20:40:18'),
	(142, 2, 'http://192.168.117.177:8000/admin/role/2', 'user update data role', 'PUT', '192.168.117.177', 'Mozilla/5.0 (Windows NT 10.0; Win64; x64) AppleWebKit/537.36 (KHTML, like Gecko) Chrome/115.0.0.0 Safari/537.36', '2023-08-13 20:40:30', '2023-08-13 20:40:30'),
	(143, 2, 'http://192.168.117.177:8000/bom/setup', 'user store data bom', 'POST', '192.168.117.177', 'Mozilla/5.0 (Windows NT 10.0; Win64; x64) AppleWebKit/537.36 (KHTML, like Gecko) Chrome/115.0.0.0 Safari/537.36', '2023-08-17 20:59:24', '2023-08-17 20:59:24'),
	(144, 2, 'http://192.168.117.177:8000/bom/setup/1', 'user update data bom', 'PUT', '192.168.117.177', 'Mozilla/5.0 (Windows NT 10.0; Win64; x64) AppleWebKit/537.36 (KHTML, like Gecko) Chrome/115.0.0.0 Safari/537.36', '2023-08-17 21:00:31', '2023-08-17 21:00:31'),
	(145, 2, 'http://192.168.117.177:8000/bom/approval_rnd_atasan/1', 'user update data bom atasan', 'PUT', '192.168.117.177', 'Mozilla/5.0 (Windows NT 10.0; Win64; x64) AppleWebKit/537.36 (KHTML, like Gecko) Chrome/115.0.0.0 Safari/537.36', '2023-08-17 21:00:53', '2023-08-17 21:00:53'),
	(146, 2, 'http://192.168.117.177:8000/bom/setup', 'user store data bom', 'POST', '192.168.117.177', 'Mozilla/5.0 (Windows NT 10.0; Win64; x64) AppleWebKit/537.36 (KHTML, like Gecko) Chrome/115.0.0.0 Safari/537.36', '2023-08-17 21:05:25', '2023-08-17 21:05:25'),
	(147, 2, 'http://192.168.117.177:8000/bom/setup/2', 'user update data bom', 'PUT', '192.168.117.177', 'Mozilla/5.0 (Windows NT 10.0; Win64; x64) AppleWebKit/537.36 (KHTML, like Gecko) Chrome/115.0.0.0 Safari/537.36', '2023-08-17 21:15:16', '2023-08-17 21:15:16'),
	(148, 2, 'http://192.168.117.177:8000/bom/approval_rnd_atasan/2', 'user update data bom atasan', 'PUT', '192.168.117.177', 'Mozilla/5.0 (Windows NT 10.0; Win64; x64) AppleWebKit/537.36 (KHTML, like Gecko) Chrome/115.0.0.0 Safari/537.36', '2023-08-17 21:16:59', '2023-08-17 21:16:59'),
	(149, 2, 'http://192.168.117.177:8000/bom/setup', 'user store data bom', 'POST', '192.168.117.177', 'Mozilla/5.0 (Windows NT 10.0; Win64; x64) AppleWebKit/537.36 (KHTML, like Gecko) Chrome/115.0.0.0 Safari/537.36', '2023-08-17 21:26:42', '2023-08-17 21:26:42'),
	(150, 2, 'http://192.168.117.177:8000/bom/setup/3', 'user update data bom', 'PUT', '192.168.117.177', 'Mozilla/5.0 (Windows NT 10.0; Win64; x64) AppleWebKit/537.36 (KHTML, like Gecko) Chrome/115.0.0.0 Safari/537.36', '2023-08-17 21:35:18', '2023-08-17 21:35:18'),
	(151, 2, 'http://192.168.117.177:8000/bom/setup/3', 'user update data bom', 'PUT', '192.168.117.177', 'Mozilla/5.0 (Windows NT 10.0; Win64; x64) AppleWebKit/537.36 (KHTML, like Gecko) Chrome/115.0.0.0 Safari/537.36', '2023-08-17 21:35:19', '2023-08-17 21:35:19'),
	(152, 2, 'http://192.168.117.177:8000/bom/approval_rnd_atasan/3', 'user update data bom atasan', 'PUT', '192.168.117.177', 'Mozilla/5.0 (Windows NT 10.0; Win64; x64) AppleWebKit/537.36 (KHTML, like Gecko) Chrome/115.0.0.0 Safari/537.36', '2023-08-17 21:36:19', '2023-08-17 21:36:19'),
	(153, 2, 'http://192.168.117.177:8000/bom/setup', 'user store data bom', 'POST', '192.168.117.177', 'Mozilla/5.0 (Windows NT 10.0; Win64; x64) AppleWebKit/537.36 (KHTML, like Gecko) Chrome/115.0.0.0 Safari/537.36', '2023-08-20 19:50:34', '2023-08-20 19:50:34'),
	(154, 2, 'http://192.168.117.177:8000/bom/setup/1', 'user update data bom', 'PUT', '192.168.117.177', 'Mozilla/5.0 (Windows NT 10.0; Win64; x64) AppleWebKit/537.36 (KHTML, like Gecko) Chrome/115.0.0.0 Safari/537.36', '2023-08-20 19:51:23', '2023-08-20 19:51:23'),
	(155, 2, 'http://192.168.117.177:8000/bom/approval_rnd_atasan/1', 'user update data bom atasan', 'PUT', '192.168.117.177', 'Mozilla/5.0 (Windows NT 10.0; Win64; x64) AppleWebKit/537.36 (KHTML, like Gecko) Chrome/115.0.0.0 Safari/537.36', '2023-08-20 20:01:29', '2023-08-20 20:01:29'),
	(156, 2, 'http://192.168.117.177:8000/bom/setup', 'user store data bom', 'POST', '192.168.117.177', 'Mozilla/5.0 (Windows NT 10.0; Win64; x64) AppleWebKit/537.36 (KHTML, like Gecko) Chrome/115.0.0.0 Safari/537.36', '2023-08-20 20:04:33', '2023-08-20 20:04:33'),
	(157, 2, 'http://192.168.117.177:8000/bom/setup/2', 'user update data bom', 'PUT', '192.168.117.177', 'Mozilla/5.0 (Windows NT 10.0; Win64; x64) AppleWebKit/537.36 (KHTML, like Gecko) Chrome/115.0.0.0 Safari/537.36', '2023-08-20 20:06:26', '2023-08-20 20:06:26'),
	(158, 2, 'http://192.168.117.177:8000/bom/approval_rnd_atasan/2', 'user update data bom atasan', 'PUT', '192.168.117.177', 'Mozilla/5.0 (Windows NT 10.0; Win64; x64) AppleWebKit/537.36 (KHTML, like Gecko) Chrome/115.0.0.0 Safari/537.36', '2023-08-20 20:06:56', '2023-08-20 20:06:56'),
	(159, 2, 'http://192.168.117.177:8000/bom/setup', 'user store data bom', 'POST', '192.168.117.177', 'Mozilla/5.0 (Windows NT 10.0; Win64; x64) AppleWebKit/537.36 (KHTML, like Gecko) Chrome/115.0.0.0 Safari/537.36', '2023-08-20 20:08:27', '2023-08-20 20:08:27'),
	(160, 2, 'http://192.168.117.177:8000/bom/setup/3', 'user update data bom', 'PUT', '192.168.117.177', 'Mozilla/5.0 (Windows NT 10.0; Win64; x64) AppleWebKit/537.36 (KHTML, like Gecko) Chrome/115.0.0.0 Safari/537.36', '2023-08-20 20:09:35', '2023-08-20 20:09:35'),
	(161, 2, 'http://192.168.117.177:8000/bom/approval_rnd_atasan/3', 'user update data bom atasan', 'PUT', '192.168.117.177', 'Mozilla/5.0 (Windows NT 10.0; Win64; x64) AppleWebKit/537.36 (KHTML, like Gecko) Chrome/115.0.0.0 Safari/537.36', '2023-08-20 20:10:01', '2023-08-20 20:10:01'),
	(162, 2, 'http://192.168.117.177:8000/ppic/production_plan', 'user store data ppic', 'POST', '192.168.117.177', 'Mozilla/5.0 (Windows NT 10.0; Win64; x64) AppleWebKit/537.36 (KHTML, like Gecko) Chrome/115.0.0.0 Safari/537.36', '2023-08-20 21:43:46', '2023-08-20 21:43:46'),
	(163, 2, 'http://192.168.117.177:8000/ppic/production_plan', 'user store data ppic', 'POST', '192.168.117.177', 'Mozilla/5.0 (Windows NT 10.0; Win64; x64) AppleWebKit/537.36 (KHTML, like Gecko) Chrome/115.0.0.0 Safari/537.36', '2023-08-20 21:45:29', '2023-08-20 21:45:29'),
	(164, 2, 'http://192.168.117.177:8000/ppic/production_plan', 'user store data ppic', 'POST', '192.168.117.177', 'Mozilla/5.0 (Windows NT 10.0; Win64; x64) AppleWebKit/537.36 (KHTML, like Gecko) Chrome/115.0.0.0 Safari/537.36', '2023-08-21 00:54:42', '2023-08-21 00:54:42'),
	(165, 2, 'http://192.168.117.177:8000/ppic/production_plan/1', 'user update data ppic', 'PUT', '192.168.117.177', 'Mozilla/5.0 (Windows NT 10.0; Win64; x64) AppleWebKit/537.36 (KHTML, like Gecko) Chrome/115.0.0.0 Safari/537.36', '2023-08-21 01:03:43', '2023-08-21 01:03:43'),
	(166, 2, 'http://192.168.117.177:8000/ppic/production_plan', 'user store data ppic', 'POST', '192.168.117.177', 'Mozilla/5.0 (Windows NT 10.0; Win64; x64) AppleWebKit/537.36 (KHTML, like Gecko) Chrome/115.0.0.0 Safari/537.36', '2023-08-21 01:39:31', '2023-08-21 01:39:31'),
	(167, 2, 'http://192.168.117.177:8000/ppic/production_plan/1', 'user update data ppic', 'PUT', '192.168.117.177', 'Mozilla/5.0 (Windows NT 10.0; Win64; x64) AppleWebKit/537.36 (KHTML, like Gecko) Chrome/115.0.0.0 Safari/537.36', '2023-08-21 01:40:36', '2023-08-21 01:40:36'),
	(168, 2, 'http://192.168.117.177:8000/ppic/production_plan/1', 'user update data ppic', 'PUT', '192.168.117.177', 'Mozilla/5.0 (Windows NT 10.0; Win64; x64) AppleWebKit/537.36 (KHTML, like Gecko) Chrome/115.0.0.0 Safari/537.36', '2023-08-21 01:43:24', '2023-08-21 01:43:24'),
	(169, 2, 'http://192.168.117.177:8000/ppic/production_plan', 'user store data ppic', 'POST', '192.168.117.177', 'Mozilla/5.0 (Windows NT 10.0; Win64; x64) AppleWebKit/537.36 (KHTML, like Gecko) Chrome/115.0.0.0 Safari/537.36', '2023-08-21 01:52:17', '2023-08-21 01:52:17'),
	(170, 2, 'http://192.168.117.177:8000/ppic/production_plan/1', 'user update data ppic', 'PUT', '192.168.117.177', 'Mozilla/5.0 (Windows NT 10.0; Win64; x64) AppleWebKit/537.36 (KHTML, like Gecko) Chrome/115.0.0.0 Safari/537.36', '2023-08-21 01:52:24', '2023-08-21 01:52:24'),
	(171, 2, 'http://192.168.117.177:8000/ppic/production_plan', 'user store data ppic', 'POST', '192.168.117.177', 'Mozilla/5.0 (Windows NT 10.0; Win64; x64) AppleWebKit/537.36 (KHTML, like Gecko) Chrome/115.0.0.0 Safari/537.36', '2023-08-21 01:54:08', '2023-08-21 01:54:08'),
	(172, 2, 'http://192.168.117.177:8000/ppic/production_plan/1', 'user update data ppic', 'PUT', '192.168.117.177', 'Mozilla/5.0 (Windows NT 10.0; Win64; x64) AppleWebKit/537.36 (KHTML, like Gecko) Chrome/115.0.0.0 Safari/537.36', '2023-08-21 01:54:16', '2023-08-21 01:54:16'),
	(173, 2, 'http://192.168.117.177:8000/ppic/approval_ppic_atasan/1', 'user update data ppic atasan', 'PUT', '192.168.117.177', 'Mozilla/5.0 (Windows NT 10.0; Win64; x64) AppleWebKit/537.36 (KHTML, like Gecko) Chrome/115.0.0.0 Safari/537.36', '2023-08-21 01:56:05', '2023-08-21 01:56:05'),
	(174, 2, 'http://192.168.117.177:8000/ppic/production_plan', 'user store data ppic', 'POST', '192.168.117.177', 'Mozilla/5.0 (Windows NT 10.0; Win64; x64) AppleWebKit/537.36 (KHTML, like Gecko) Chrome/116.0.0.0 Safari/537.36', '2023-08-21 19:21:00', '2023-08-21 19:21:00'),
	(175, 2, 'http://192.168.117.177:8000/ppic/production_plan', 'user store data ppic', 'POST', '192.168.117.177', 'Mozilla/5.0 (Windows NT 10.0; Win64; x64) AppleWebKit/537.36 (KHTML, like Gecko) Chrome/116.0.0.0 Safari/537.36', '2023-08-21 19:25:36', '2023-08-21 19:25:36'),
	(176, 2, 'http://192.168.117.177:8000/ppic/production_plan/1', 'user update data ppic', 'PUT', '192.168.117.177', 'Mozilla/5.0 (Windows NT 10.0; Win64; x64) AppleWebKit/537.36 (KHTML, like Gecko) Chrome/116.0.0.0 Safari/537.36', '2023-08-21 19:28:45', '2023-08-21 19:28:45'),
	(177, 2, 'http://192.168.117.177:8000/ppic/approval_ppic_atasan/1', 'user update data ppic atasan', 'PUT', '192.168.117.177', 'Mozilla/5.0 (Windows NT 10.0; Win64; x64) AppleWebKit/537.36 (KHTML, like Gecko) Chrome/116.0.0.0 Safari/537.36', '2023-08-21 20:00:55', '2023-08-21 20:00:55'),
	(178, 2, 'http://192.168.117.177:8000/ppic/production_plan', 'user store data ppic', 'POST', '192.168.117.177', 'Mozilla/5.0 (Windows NT 10.0; Win64; x64) AppleWebKit/537.36 (KHTML, like Gecko) Chrome/116.0.0.0 Safari/537.36', '2023-08-21 21:34:10', '2023-08-21 21:34:10'),
	(179, 2, 'http://192.168.117.177:8000/ppic/production_plan/1', 'user update data ppic', 'PUT', '192.168.117.177', 'Mozilla/5.0 (Windows NT 10.0; Win64; x64) AppleWebKit/537.36 (KHTML, like Gecko) Chrome/116.0.0.0 Safari/537.36', '2023-08-21 21:34:15', '2023-08-21 21:34:15'),
	(180, 2, 'http://192.168.117.177:8000/ppic/approval_ppic_atasan/1', 'user update data ppic atasan', 'PUT', '192.168.117.177', 'Mozilla/5.0 (Windows NT 10.0; Win64; x64) AppleWebKit/537.36 (KHTML, like Gecko) Chrome/116.0.0.0 Safari/537.36', '2023-08-21 21:34:25', '2023-08-21 21:34:25'),
	(181, 2, 'http://192.168.117.177:8000/ppic/production_plan', 'user store data ppic', 'POST', '192.168.117.177', 'Mozilla/5.0 (Windows NT 10.0; Win64; x64) AppleWebKit/537.36 (KHTML, like Gecko) Chrome/116.0.0.0 Safari/537.36', '2023-08-21 21:53:28', '2023-08-21 21:53:28'),
	(182, 2, 'http://192.168.117.177:8000/ppic/production_plan/1', 'user update data ppic', 'PUT', '192.168.117.177', 'Mozilla/5.0 (Windows NT 10.0; Win64; x64) AppleWebKit/537.36 (KHTML, like Gecko) Chrome/116.0.0.0 Safari/537.36', '2023-08-21 21:53:49', '2023-08-21 21:53:49'),
	(183, 2, 'http://192.168.117.177:8000/ppic/approval_ppic_atasan/1', 'user update data ppic atasan', 'PUT', '192.168.117.177', 'Mozilla/5.0 (Windows NT 10.0; Win64; x64) AppleWebKit/537.36 (KHTML, like Gecko) Chrome/116.0.0.0 Safari/537.36', '2023-08-21 21:54:04', '2023-08-21 21:54:04'),
	(184, 2, 'http://192.168.117.177:8000/ppic/production_plan', 'user store data ppic', 'POST', '192.168.117.177', 'Mozilla/5.0 (Windows NT 10.0; Win64; x64) AppleWebKit/537.36 (KHTML, like Gecko) Chrome/116.0.0.0 Safari/537.36', '2023-08-21 21:57:01', '2023-08-21 21:57:01'),
	(185, 2, 'http://192.168.117.177:8000/ppic/production_plan', 'user store data ppic', 'POST', '192.168.117.177', 'Mozilla/5.0 (Windows NT 10.0; Win64; x64) AppleWebKit/537.36 (KHTML, like Gecko) Chrome/116.0.0.0 Safari/537.36', '2023-08-21 21:59:13', '2023-08-21 21:59:13'),
	(186, 2, 'http://192.168.117.177:8000/ppic/production_plan/1', 'user update data ppic', 'PUT', '192.168.117.177', 'Mozilla/5.0 (Windows NT 10.0; Win64; x64) AppleWebKit/537.36 (KHTML, like Gecko) Chrome/116.0.0.0 Safari/537.36', '2023-08-21 21:59:33', '2023-08-21 21:59:33'),
	(187, 2, 'http://192.168.117.177:8000/ppic/approval_ppic_atasan/1', 'user update data ppic atasan', 'PUT', '192.168.117.177', 'Mozilla/5.0 (Windows NT 10.0; Win64; x64) AppleWebKit/537.36 (KHTML, like Gecko) Chrome/116.0.0.0 Safari/537.36', '2023-08-21 23:43:39', '2023-08-21 23:43:39'),
	(188, 2, 'http://192.168.117.177:8000/master/item', 'user store data master item', 'POST', '192.168.117.177', 'Mozilla/5.0 (Windows NT 10.0; Win64; x64) AppleWebKit/537.36 (KHTML, like Gecko) Chrome/116.0.0.0 Safari/537.36', '2023-08-22 00:10:46', '2023-08-22 00:10:46'),
	(189, 2, 'http://192.168.117.177:8000/master/item', 'user store data master item', 'POST', '192.168.117.177', 'Mozilla/5.0 (Windows NT 10.0; Win64; x64) AppleWebKit/537.36 (KHTML, like Gecko) Chrome/116.0.0.0 Safari/537.36', '2023-08-22 00:11:23', '2023-08-22 00:11:23'),
	(190, 2, 'http://192.168.117.177:8000/master/item', 'user store data master item', 'POST', '192.168.117.177', 'Mozilla/5.0 (Windows NT 10.0; Win64; x64) AppleWebKit/537.36 (KHTML, like Gecko) Chrome/116.0.0.0 Safari/537.36', '2023-08-22 00:12:05', '2023-08-22 00:12:05'),
	(191, 2, 'http://192.168.117.177:8000/master/item', 'user store data master item', 'POST', '192.168.117.177', 'Mozilla/5.0 (Windows NT 10.0; Win64; x64) AppleWebKit/537.36 (KHTML, like Gecko) Chrome/116.0.0.0 Safari/537.36', '2023-08-22 00:13:45', '2023-08-22 00:13:45'),
	(192, 2, 'http://192.168.117.177:8000/master/item', 'user store data master item', 'POST', '192.168.117.177', 'Mozilla/5.0 (Windows NT 10.0; Win64; x64) AppleWebKit/537.36 (KHTML, like Gecko) Chrome/116.0.0.0 Safari/537.36', '2023-08-22 00:14:17', '2023-08-22 00:14:17'),
	(193, 2, 'http://192.168.117.177:8000/master/item', 'user store data master item', 'POST', '192.168.117.177', 'Mozilla/5.0 (Windows NT 10.0; Win64; x64) AppleWebKit/537.36 (KHTML, like Gecko) Chrome/116.0.0.0 Safari/537.36', '2023-08-22 00:15:02', '2023-08-22 00:15:02'),
	(194, 2, 'http://192.168.117.177:8000/master/item', 'user store data master item', 'POST', '192.168.117.177', 'Mozilla/5.0 (Windows NT 10.0; Win64; x64) AppleWebKit/537.36 (KHTML, like Gecko) Chrome/116.0.0.0 Safari/537.36', '2023-08-22 00:15:59', '2023-08-22 00:15:59'),
	(195, 2, 'http://192.168.117.177:8000/master/item', 'user store data master item', 'POST', '192.168.117.177', 'Mozilla/5.0 (Windows NT 10.0; Win64; x64) AppleWebKit/537.36 (KHTML, like Gecko) Chrome/116.0.0.0 Safari/537.36', '2023-08-22 00:23:52', '2023-08-22 00:23:52'),
	(196, 2, 'http://192.168.117.177:8000/master/produk', 'user store data produk', 'POST', '192.168.117.177', 'Mozilla/5.0 (Windows NT 10.0; Win64; x64) AppleWebKit/537.36 (KHTML, like Gecko) Chrome/116.0.0.0 Safari/537.36', '2023-08-22 00:43:18', '2023-08-22 00:43:18'),
	(197, 2, 'http://192.168.117.177:8000/master/produk', 'user store data produk', 'POST', '192.168.117.177', 'Mozilla/5.0 (Windows NT 10.0; Win64; x64) AppleWebKit/537.36 (KHTML, like Gecko) Chrome/116.0.0.0 Safari/537.36', '2023-08-22 00:43:28', '2023-08-22 00:43:28'),
	(198, 2, 'http://192.168.117.177:8000/master/produk', 'user store data produk', 'POST', '192.168.117.177', 'Mozilla/5.0 (Windows NT 10.0; Win64; x64) AppleWebKit/537.36 (KHTML, like Gecko) Chrome/116.0.0.0 Safari/537.36', '2023-08-22 00:43:41', '2023-08-22 00:43:41'),
	(199, 2, 'http://192.168.117.177:8000/bom/setup', 'user store data bom', 'POST', '192.168.117.177', 'Mozilla/5.0 (Windows NT 10.0; Win64; x64) AppleWebKit/537.36 (KHTML, like Gecko) Chrome/116.0.0.0 Safari/537.36', '2023-08-22 00:46:24', '2023-08-22 00:46:24'),
	(200, 2, 'http://192.168.117.177:8000/bom/setup/4', 'user update data bom', 'PUT', '192.168.117.177', 'Mozilla/5.0 (Windows NT 10.0; Win64; x64) AppleWebKit/537.36 (KHTML, like Gecko) Chrome/116.0.0.0 Safari/537.36', '2023-08-22 00:46:50', '2023-08-22 00:46:50'),
	(201, 2, 'http://192.168.117.177:8000/bom/approval_rnd_atasan/4', 'user update data bom atasan', 'PUT', '192.168.117.177', 'Mozilla/5.0 (Windows NT 10.0; Win64; x64) AppleWebKit/537.36 (KHTML, like Gecko) Chrome/116.0.0.0 Safari/537.36', '2023-08-22 00:48:12', '2023-08-22 00:48:12'),
	(202, 2, 'http://192.168.117.177:8000/bom/setup', 'user store data bom', 'POST', '192.168.117.177', 'Mozilla/5.0 (Windows NT 10.0; Win64; x64) AppleWebKit/537.36 (KHTML, like Gecko) Chrome/116.0.0.0 Safari/537.36', '2023-08-22 00:48:33', '2023-08-22 00:48:33'),
	(203, 2, 'http://192.168.117.177:8000/bom/setup/5', 'user update data bom', 'PUT', '192.168.117.177', 'Mozilla/5.0 (Windows NT 10.0; Win64; x64) AppleWebKit/537.36 (KHTML, like Gecko) Chrome/116.0.0.0 Safari/537.36', '2023-08-22 01:10:45', '2023-08-22 01:10:45'),
	(204, 2, 'http://192.168.117.177:8000/bom/approval_rnd_atasan/5', 'user update data bom atasan', 'PUT', '192.168.117.177', 'Mozilla/5.0 (Windows NT 10.0; Win64; x64) AppleWebKit/537.36 (KHTML, like Gecko) Chrome/116.0.0.0 Safari/537.36', '2023-08-22 01:10:57', '2023-08-22 01:10:57'),
	(205, 2, 'http://192.168.117.177:8000/bom/setup', 'user store data bom', 'POST', '192.168.117.177', 'Mozilla/5.0 (Windows NT 10.0; Win64; x64) AppleWebKit/537.36 (KHTML, like Gecko) Chrome/116.0.0.0 Safari/537.36', '2023-08-22 01:18:15', '2023-08-22 01:18:15'),
	(206, 2, 'http://192.168.117.177:8000/bom/setup/6', 'user update data bom', 'PUT', '192.168.117.177', 'Mozilla/5.0 (Windows NT 10.0; Win64; x64) AppleWebKit/537.36 (KHTML, like Gecko) Chrome/116.0.0.0 Safari/537.36', '2023-08-22 01:22:43', '2023-08-22 01:22:43'),
	(207, 2, 'http://192.168.117.177:8000/bom/approval_rnd_atasan/6', 'user update data bom atasan', 'PUT', '192.168.117.177', 'Mozilla/5.0 (Windows NT 10.0; Win64; x64) AppleWebKit/537.36 (KHTML, like Gecko) Chrome/116.0.0.0 Safari/537.36', '2023-08-22 01:23:09', '2023-08-22 01:23:09'),
	(208, 2, 'http://192.168.117.177:8000/ppic/production_plan', 'user store data ppic', 'POST', '192.168.117.177', 'Mozilla/5.0 (Windows NT 10.0; Win64; x64) AppleWebKit/537.36 (KHTML, like Gecko) Chrome/116.0.0.0 Safari/537.36', '2023-08-22 01:30:50', '2023-08-22 01:30:50'),
	(209, 2, 'http://192.168.117.177:8000/ppic/production_plan/1', 'user update data ppic', 'PUT', '192.168.117.177', 'Mozilla/5.0 (Windows NT 10.0; Win64; x64) AppleWebKit/537.36 (KHTML, like Gecko) Chrome/116.0.0.0 Safari/537.36', '2023-08-22 01:30:56', '2023-08-22 01:30:56'),
	(210, 2, 'http://192.168.117.177:8000/ppic/approval_ppic_atasan/1', 'user update data ppic atasan', 'PUT', '192.168.117.177', 'Mozilla/5.0 (Windows NT 10.0; Win64; x64) AppleWebKit/537.36 (KHTML, like Gecko) Chrome/116.0.0.0 Safari/537.36', '2023-08-22 01:31:27', '2023-08-22 01:31:27'),
	(211, 2, 'http://192.168.117.177:8000/bom/setup', 'user store data bom', 'POST', '192.168.117.177', 'Mozilla/5.0 (Windows NT 10.0; Win64; x64) AppleWebKit/537.36 (KHTML, like Gecko) Chrome/116.0.0.0 Safari/537.36', '2023-08-29 00:00:08', '2023-08-29 00:00:08'),
	(212, 2, 'http://192.168.117.177:8000/bom/setup/1', 'user update data bom', 'PUT', '192.168.117.177', 'Mozilla/5.0 (Windows NT 10.0; Win64; x64) AppleWebKit/537.36 (KHTML, like Gecko) Chrome/116.0.0.0 Safari/537.36', '2023-08-29 00:16:07', '2023-08-29 00:16:07'),
	(213, 2, 'http://192.168.117.177:8000/bom/approval_rnd_atasan/1', 'user update data bom atasan', 'PUT', '192.168.117.177', 'Mozilla/5.0 (Windows NT 10.0; Win64; x64) AppleWebKit/537.36 (KHTML, like Gecko) Chrome/116.0.0.0 Safari/537.36', '2023-08-29 00:20:00', '2023-08-29 00:20:00'),
	(214, 2, 'http://192.168.117.177:8000/bom/setup', 'user store data bom', 'POST', '192.168.117.177', 'Mozilla/5.0 (Windows NT 10.0; Win64; x64) AppleWebKit/537.36 (KHTML, like Gecko) Chrome/116.0.0.0 Safari/537.36', '2023-08-29 00:28:11', '2023-08-29 00:28:11'),
	(215, 2, 'http://192.168.117.177:8000/bom/setup/2', 'user update data bom', 'PUT', '192.168.117.177', 'Mozilla/5.0 (Windows NT 10.0; Win64; x64) AppleWebKit/537.36 (KHTML, like Gecko) Chrome/116.0.0.0 Safari/537.36', '2023-08-29 00:37:20', '2023-08-29 00:37:20'),
	(216, 2, 'http://192.168.117.177:8000/bom/approval_rnd_atasan/2', 'user update data bom atasan', 'PUT', '192.168.117.177', 'Mozilla/5.0 (Windows NT 10.0; Win64; x64) AppleWebKit/537.36 (KHTML, like Gecko) Chrome/116.0.0.0 Safari/537.36', '2023-08-29 00:38:43', '2023-08-29 00:38:43'),
	(217, 2, 'http://192.168.117.177:8000/bom/setup', 'user store data bom', 'POST', '192.168.117.177', 'Mozilla/5.0 (Windows NT 10.0; Win64; x64) AppleWebKit/537.36 (KHTML, like Gecko) Chrome/116.0.0.0 Safari/537.36', '2023-08-29 01:01:27', '2023-08-29 01:01:27'),
	(218, 2, 'http://192.168.117.177:8000/bom/setup/3', 'user update data bom', 'PUT', '192.168.117.177', 'Mozilla/5.0 (Windows NT 10.0; Win64; x64) AppleWebKit/537.36 (KHTML, like Gecko) Chrome/116.0.0.0 Safari/537.36', '2023-08-29 01:04:50', '2023-08-29 01:04:50'),
	(219, 2, 'http://192.168.117.177:8000/bom/approval_rnd_atasan/3', 'user update data bom atasan', 'PUT', '192.168.117.177', 'Mozilla/5.0 (Windows NT 10.0; Win64; x64) AppleWebKit/537.36 (KHTML, like Gecko) Chrome/116.0.0.0 Safari/537.36', '2023-08-29 01:05:00', '2023-08-29 01:05:00'),
	(220, 2, 'http://192.168.117.177:8000/bom/setup', 'user store data bom', 'POST', '192.168.117.177', 'Mozilla/5.0 (Windows NT 10.0; Win64; x64) AppleWebKit/537.36 (KHTML, like Gecko) Chrome/116.0.0.0 Safari/537.36', '2023-08-29 01:08:04', '2023-08-29 01:08:04'),
	(221, 2, 'http://192.168.117.177:8000/bom/setup/4', 'user update data bom', 'PUT', '192.168.117.177', 'Mozilla/5.0 (Windows NT 10.0; Win64; x64) AppleWebKit/537.36 (KHTML, like Gecko) Chrome/116.0.0.0 Safari/537.36', '2023-08-29 01:11:36', '2023-08-29 01:11:36'),
	(222, 2, 'http://192.168.117.177:8000/bom/approval_rnd_atasan/4', 'user update data bom atasan', 'PUT', '192.168.117.177', 'Mozilla/5.0 (Windows NT 10.0; Win64; x64) AppleWebKit/537.36 (KHTML, like Gecko) Chrome/116.0.0.0 Safari/537.36', '2023-08-29 01:11:54', '2023-08-29 01:11:54'),
	(223, 2, 'http://192.168.117.177:8000/bom/setup', 'user store data bom', 'POST', '192.168.117.177', 'Mozilla/5.0 (Windows NT 10.0; Win64; x64) AppleWebKit/537.36 (KHTML, like Gecko) Chrome/116.0.0.0 Safari/537.36', '2023-08-29 01:22:58', '2023-08-29 01:22:58'),
	(224, 2, 'http://192.168.117.177:8000/bom/setup/5', 'user update data bom', 'PUT', '192.168.117.177', 'Mozilla/5.0 (Windows NT 10.0; Win64; x64) AppleWebKit/537.36 (KHTML, like Gecko) Chrome/116.0.0.0 Safari/537.36', '2023-08-29 01:23:47', '2023-08-29 01:23:47'),
	(225, 2, 'http://192.168.117.177:8000/bom/approval_rnd_atasan/5', 'user update data bom atasan', 'PUT', '192.168.117.177', 'Mozilla/5.0 (Windows NT 10.0; Win64; x64) AppleWebKit/537.36 (KHTML, like Gecko) Chrome/116.0.0.0 Safari/537.36', '2023-08-29 01:23:57', '2023-08-29 01:23:57'),
	(226, 2, 'http://192.168.117.177:8000/bom/setup', 'user store data bom', 'POST', '192.168.117.177', 'Mozilla/5.0 (Windows NT 10.0; Win64; x64) AppleWebKit/537.36 (KHTML, like Gecko) Chrome/116.0.0.0 Safari/537.36', '2023-08-29 01:25:34', '2023-08-29 01:25:34'),
	(227, 2, 'http://192.168.117.177:8000/bom/setup/6', 'user update data bom', 'PUT', '192.168.117.177', 'Mozilla/5.0 (Windows NT 10.0; Win64; x64) AppleWebKit/537.36 (KHTML, like Gecko) Chrome/116.0.0.0 Safari/537.36', '2023-08-29 01:26:09', '2023-08-29 01:26:09'),
	(228, 2, 'http://192.168.117.177:8000/bom/approval_rnd_atasan/6', 'user update data bom atasan', 'PUT', '192.168.117.177', 'Mozilla/5.0 (Windows NT 10.0; Win64; x64) AppleWebKit/537.36 (KHTML, like Gecko) Chrome/116.0.0.0 Safari/537.36', '2023-08-29 01:26:20', '2023-08-29 01:26:20'),
	(229, 2, 'http://192.168.117.177:8000/ppic/production_plan', 'user store data ppic', 'POST', '192.168.117.177', 'Mozilla/5.0 (Windows NT 10.0; Win64; x64) AppleWebKit/537.36 (KHTML, like Gecko) Chrome/116.0.0.0 Safari/537.36', '2023-08-29 01:29:21', '2023-08-29 01:29:21'),
	(230, 2, 'http://192.168.117.177:8000/ppic/production_plan/1', 'user update data ppic', 'PUT', '192.168.117.177', 'Mozilla/5.0 (Windows NT 10.0; Win64; x64) AppleWebKit/537.36 (KHTML, like Gecko) Chrome/116.0.0.0 Safari/537.36', '2023-08-29 01:30:04', '2023-08-29 01:30:04'),
	(231, 2, 'http://192.168.117.177:8000/ppic/approval_ppic_atasan/1', 'user update data ppic atasan', 'PUT', '192.168.117.177', 'Mozilla/5.0 (Windows NT 10.0; Win64; x64) AppleWebKit/537.36 (KHTML, like Gecko) Chrome/116.0.0.0 Safari/537.36', '2023-08-29 01:30:30', '2023-08-29 01:30:30'),
	(232, 2, 'http://192.168.117.177:8000/admin/permission', 'user store data permission', 'POST', '192.168.117.177', 'Mozilla/5.0 (Windows NT 10.0; Win64; x64) AppleWebKit/537.36 (KHTML, like Gecko) Chrome/116.0.0.0 Safari/537.36', '2023-08-29 01:59:09', '2023-08-29 01:59:09'),
	(233, 2, 'http://192.168.117.177:8000/admin/permission', 'user store data permission', 'POST', '192.168.117.177', 'Mozilla/5.0 (Windows NT 10.0; Win64; x64) AppleWebKit/537.36 (KHTML, like Gecko) Chrome/116.0.0.0 Safari/537.36', '2023-08-29 01:59:15', '2023-08-29 01:59:15'),
	(234, 2, 'http://192.168.117.177:8000/admin/role/2', 'user update data role', 'PUT', '192.168.117.177', 'Mozilla/5.0 (Windows NT 10.0; Win64; x64) AppleWebKit/537.36 (KHTML, like Gecko) Chrome/116.0.0.0 Safari/537.36', '2023-08-29 02:01:10', '2023-08-29 02:01:10'),
	(235, 2, 'http://192.168.117.204:8000/req/bom', 'user store data req bom', 'POST', '192.168.117.204', 'Mozilla/5.0 (Windows NT 10.0; Win64; x64) AppleWebKit/537.36 (KHTML, like Gecko) Chrome/116.0.0.0 Safari/537.36', '2023-08-31 00:47:52', '2023-08-31 00:47:52'),
	(236, 2, 'http://192.168.117.204:8000/req/bom_produksi_atasan/1', 'user update data req bom produksi atasan', 'PUT', '192.168.117.204', 'Mozilla/5.0 (Windows NT 10.0; Win64; x64) AppleWebKit/537.36 (KHTML, like Gecko) Chrome/116.0.0.0 Safari/537.36', '2023-08-31 00:48:10', '2023-08-31 00:48:10'),
	(237, 2, 'http://192.168.117.204:8000/req/bom_rnd_atasan/1', 'user update data req bom rnd atasan', 'PUT', '192.168.117.204', 'Mozilla/5.0 (Windows NT 10.0; Win64; x64) AppleWebKit/537.36 (KHTML, like Gecko) Chrome/116.0.0.0 Safari/537.36', '2023-08-31 00:48:35', '2023-08-31 00:48:35'),
	(238, 2, 'http://192.168.117.204:8000/bom/setup/3/copy', 'user copy data bom', 'PUT', '192.168.117.204', 'Mozilla/5.0 (Windows NT 10.0; Win64; x64) AppleWebKit/537.36 (KHTML, like Gecko) Chrome/116.0.0.0 Safari/537.36', '2023-08-31 00:48:56', '2023-08-31 00:48:56'),
	(239, 2, 'http://192.168.117.177:8000/admin/permission', 'user store data permission', 'POST', '192.168.117.177', 'Mozilla/5.0 (Windows NT 10.0; Win64; x64) AppleWebKit/537.36 (KHTML, like Gecko) Chrome/116.0.0.0 Safari/537.36', '2023-09-14 00:59:13', '2023-09-14 00:59:13'),
	(240, 2, 'http://192.168.117.177:8000/admin/permission', 'user store data permission', 'POST', '192.168.117.177', 'Mozilla/5.0 (Windows NT 10.0; Win64; x64) AppleWebKit/537.36 (KHTML, like Gecko) Chrome/116.0.0.0 Safari/537.36', '2023-09-14 00:59:21', '2023-09-14 00:59:21'),
	(241, 2, 'http://192.168.117.177:8000/admin/permission', 'user store data permission', 'POST', '192.168.117.177', 'Mozilla/5.0 (Windows NT 10.0; Win64; x64) AppleWebKit/537.36 (KHTML, like Gecko) Chrome/116.0.0.0 Safari/537.36', '2023-09-14 00:59:27', '2023-09-14 00:59:27'),
	(242, 2, 'http://192.168.117.177:8000/admin/permission', 'user store data permission', 'POST', '192.168.117.177', 'Mozilla/5.0 (Windows NT 10.0; Win64; x64) AppleWebKit/537.36 (KHTML, like Gecko) Chrome/116.0.0.0 Safari/537.36', '2023-09-14 00:59:34', '2023-09-14 00:59:34'),
	(243, 2, 'http://192.168.117.177:8000/admin/role/2', 'user update data role', 'PUT', '192.168.117.177', 'Mozilla/5.0 (Windows NT 10.0; Win64; x64) AppleWebKit/537.36 (KHTML, like Gecko) Chrome/116.0.0.0 Safari/537.36', '2023-09-14 01:00:03', '2023-09-14 01:00:03'),
	(244, 2, 'http://192.168.117.177:8000/master/item', 'user store data master item', 'POST', '192.168.117.177', 'Mozilla/5.0 (Windows NT 10.0; Win64; x64) AppleWebKit/537.36 (KHTML, like Gecko) Chrome/116.0.0.0 Safari/537.36', '2023-09-14 19:20:06', '2023-09-14 19:20:06'),
	(245, 2, 'http://192.168.117.177:8000/master/item', 'user store data master item', 'POST', '192.168.117.177', 'Mozilla/5.0 (Windows NT 10.0; Win64; x64) AppleWebKit/537.36 (KHTML, like Gecko) Chrome/116.0.0.0 Safari/537.36', '2023-09-14 19:22:19', '2023-09-14 19:22:19'),
	(246, 2, 'http://192.168.117.177:8000/master/item', 'user store data master item', 'POST', '192.168.117.177', 'Mozilla/5.0 (Windows NT 10.0; Win64; x64) AppleWebKit/537.36 (KHTML, like Gecko) Chrome/116.0.0.0 Safari/537.36', '2023-09-14 19:23:44', '2023-09-14 19:23:44'),
	(247, 2, 'http://192.168.117.177:8000/master/item', 'user store data master item', 'POST', '192.168.117.177', 'Mozilla/5.0 (Windows NT 10.0; Win64; x64) AppleWebKit/537.36 (KHTML, like Gecko) Chrome/116.0.0.0 Safari/537.36', '2023-09-14 19:24:42', '2023-09-14 19:24:42'),
	(248, 2, 'http://192.168.117.177:8000/master/item', 'user store data master item', 'POST', '192.168.117.177', 'Mozilla/5.0 (Windows NT 10.0; Win64; x64) AppleWebKit/537.36 (KHTML, like Gecko) Chrome/116.0.0.0 Safari/537.36', '2023-09-14 19:25:22', '2023-09-14 19:25:22'),
	(249, 2, 'http://192.168.117.177:8000/master/item', 'user store data master item', 'POST', '192.168.117.177', 'Mozilla/5.0 (Windows NT 10.0; Win64; x64) AppleWebKit/537.36 (KHTML, like Gecko) Chrome/116.0.0.0 Safari/537.36', '2023-09-14 19:27:38', '2023-09-14 19:27:38'),
	(250, 2, 'http://192.168.117.177:8000/master/item', 'user store data master item', 'POST', '192.168.117.177', 'Mozilla/5.0 (Windows NT 10.0; Win64; x64) AppleWebKit/537.36 (KHTML, like Gecko) Chrome/116.0.0.0 Safari/537.36', '2023-09-14 19:29:33', '2023-09-14 19:29:33'),
	(251, 2, 'http://192.168.117.177:8000/master/item', 'user store data master item', 'POST', '192.168.117.177', 'Mozilla/5.0 (Windows NT 10.0; Win64; x64) AppleWebKit/537.36 (KHTML, like Gecko) Chrome/116.0.0.0 Safari/537.36', '2023-09-14 19:30:18', '2023-09-14 19:30:18'),
	(252, 2, 'http://192.168.117.177:8000/master/item', 'user store data master item', 'POST', '192.168.117.177', 'Mozilla/5.0 (Windows NT 10.0; Win64; x64) AppleWebKit/537.36 (KHTML, like Gecko) Chrome/116.0.0.0 Safari/537.36', '2023-09-14 19:31:12', '2023-09-14 19:31:12'),
	(253, 2, 'http://192.168.117.177:8000/master/item', 'user store data master item', 'POST', '192.168.117.177', 'Mozilla/5.0 (Windows NT 10.0; Win64; x64) AppleWebKit/537.36 (KHTML, like Gecko) Chrome/116.0.0.0 Safari/537.36', '2023-09-14 19:32:22', '2023-09-14 19:32:22'),
	(254, 2, 'http://192.168.117.177:8000/master/item', 'user store data master item', 'POST', '192.168.117.177', 'Mozilla/5.0 (Windows NT 10.0; Win64; x64) AppleWebKit/537.36 (KHTML, like Gecko) Chrome/116.0.0.0 Safari/537.36', '2023-09-14 19:33:43', '2023-09-14 19:33:43'),
	(255, 2, 'http://192.168.117.177:8000/master/item', 'user store data master item', 'POST', '192.168.117.177', 'Mozilla/5.0 (Windows NT 10.0; Win64; x64) AppleWebKit/537.36 (KHTML, like Gecko) Chrome/116.0.0.0 Safari/537.36', '2023-09-14 19:35:09', '2023-09-14 19:35:09'),
	(256, 2, 'http://192.168.117.177:8000/master/item', 'user store data master item', 'POST', '192.168.117.177', 'Mozilla/5.0 (Windows NT 10.0; Win64; x64) AppleWebKit/537.36 (KHTML, like Gecko) Chrome/116.0.0.0 Safari/537.36', '2023-09-14 19:36:01', '2023-09-14 19:36:01'),
	(257, 2, 'http://192.168.117.177:8000/master/item', 'user store data master item', 'POST', '192.168.117.177', 'Mozilla/5.0 (Windows NT 10.0; Win64; x64) AppleWebKit/537.36 (KHTML, like Gecko) Chrome/116.0.0.0 Safari/537.36', '2023-09-14 19:36:36', '2023-09-14 19:36:36'),
	(258, 2, 'http://192.168.117.177:8000/master/item', 'user store data master item', 'POST', '192.168.117.177', 'Mozilla/5.0 (Windows NT 10.0; Win64; x64) AppleWebKit/537.36 (KHTML, like Gecko) Chrome/116.0.0.0 Safari/537.36', '2023-09-14 19:37:05', '2023-09-14 19:37:05'),
	(259, 2, 'http://192.168.117.177:8000/master/item', 'user store data master item', 'POST', '192.168.117.177', 'Mozilla/5.0 (Windows NT 10.0; Win64; x64) AppleWebKit/537.36 (KHTML, like Gecko) Chrome/116.0.0.0 Safari/537.36', '2023-09-14 19:37:53', '2023-09-14 19:37:53'),
	(260, 2, 'http://192.168.117.177:8000/master/item', 'user store data master item', 'POST', '192.168.117.177', 'Mozilla/5.0 (Windows NT 10.0; Win64; x64) AppleWebKit/537.36 (KHTML, like Gecko) Chrome/116.0.0.0 Safari/537.36', '2023-09-14 19:39:14', '2023-09-14 19:39:14'),
	(261, 2, 'http://192.168.117.177:8000/master/item', 'user store data master item', 'POST', '192.168.117.177', 'Mozilla/5.0 (Windows NT 10.0; Win64; x64) AppleWebKit/537.36 (KHTML, like Gecko) Chrome/116.0.0.0 Safari/537.36', '2023-09-14 19:41:23', '2023-09-14 19:41:23'),
	(262, 2, 'http://192.168.117.177:8000/master/item', 'user store data master item', 'POST', '192.168.117.177', 'Mozilla/5.0 (Windows NT 10.0; Win64; x64) AppleWebKit/537.36 (KHTML, like Gecko) Chrome/116.0.0.0 Safari/537.36', '2023-09-14 19:47:45', '2023-09-14 19:47:45'),
	(263, 2, 'http://192.168.117.177:8000/master/produk', 'user store data produk', 'POST', '192.168.117.177', 'Mozilla/5.0 (Windows NT 10.0; Win64; x64) AppleWebKit/537.36 (KHTML, like Gecko) Chrome/116.0.0.0 Safari/537.36', '2023-09-14 21:23:59', '2023-09-14 21:23:59'),
	(264, 2, 'http://192.168.117.177:8000/master/produk', 'user store data produk', 'POST', '192.168.117.177', 'Mozilla/5.0 (Windows NT 10.0; Win64; x64) AppleWebKit/537.36 (KHTML, like Gecko) Chrome/116.0.0.0 Safari/537.36', '2023-09-14 21:24:45', '2023-09-14 21:24:45'),
	(265, 2, 'http://192.168.117.177:8000/bom/setup', 'user store data bom', 'POST', '192.168.117.177', 'Mozilla/5.0 (Windows NT 10.0; Win64; x64) AppleWebKit/537.36 (KHTML, like Gecko) Chrome/116.0.0.0 Safari/537.36', '2023-09-14 21:35:38', '2023-09-14 21:35:38'),
	(266, 2, 'http://192.168.117.177:8000/bom/setup/8', 'user update data bom', 'PUT', '192.168.117.177', 'Mozilla/5.0 (Windows NT 10.0; Win64; x64) AppleWebKit/537.36 (KHTML, like Gecko) Chrome/116.0.0.0 Safari/537.36', '2023-09-15 00:11:39', '2023-09-15 00:11:39'),
	(267, 2, 'http://192.168.117.177:8000/bom/approval_rnd_atasan/8', 'user update data bom atasan', 'PUT', '192.168.117.177', 'Mozilla/5.0 (Windows NT 10.0; Win64; x64) AppleWebKit/537.36 (KHTML, like Gecko) Chrome/116.0.0.0 Safari/537.36', '2023-09-15 00:14:32', '2023-09-15 00:14:32'),
	(268, 2, 'http://192.168.117.177:8000/bom/setup', 'user store data bom', 'POST', '192.168.117.177', 'Mozilla/5.0 (Windows NT 10.0; Win64; x64) AppleWebKit/537.36 (KHTML, like Gecko) Chrome/116.0.0.0 Safari/537.36', '2023-09-15 00:37:21', '2023-09-15 00:37:21'),
	(269, 2, 'http://192.168.117.177:8000/bom/setup/9', 'user update data bom', 'PUT', '192.168.117.177', 'Mozilla/5.0 (Windows NT 10.0; Win64; x64) AppleWebKit/537.36 (KHTML, like Gecko) Chrome/116.0.0.0 Safari/537.36', '2023-09-15 00:40:06', '2023-09-15 00:40:06'),
	(270, 2, 'http://192.168.117.177:8000/bom/approval_rnd_atasan/9', 'user update data bom atasan', 'PUT', '192.168.117.177', 'Mozilla/5.0 (Windows NT 10.0; Win64; x64) AppleWebKit/537.36 (KHTML, like Gecko) Chrome/116.0.0.0 Safari/537.36', '2023-09-15 00:40:26', '2023-09-15 00:40:26'),
	(271, 2, 'http://192.168.117.177:8000/ppic/production_plan', 'user store data ppic', 'POST', '192.168.117.177', 'Mozilla/5.0 (Windows NT 10.0; Win64; x64) AppleWebKit/537.36 (KHTML, like Gecko) Chrome/116.0.0.0 Safari/537.36', '2023-09-15 00:45:46', '2023-09-15 00:45:46'),
	(272, 2, 'http://192.168.117.177:8000/ppic/production_plan/2', 'user update data ppic', 'PUT', '192.168.117.177', 'Mozilla/5.0 (Windows NT 10.0; Win64; x64) AppleWebKit/537.36 (KHTML, like Gecko) Chrome/116.0.0.0 Safari/537.36', '2023-09-15 00:45:54', '2023-09-15 00:45:54'),
	(273, 2, 'http://192.168.117.177:8000/ppic/approval_ppic_atasan/2', 'user update data ppic atasan', 'PUT', '192.168.117.177', 'Mozilla/5.0 (Windows NT 10.0; Win64; x64) AppleWebKit/537.36 (KHTML, like Gecko) Chrome/116.0.0.0 Safari/537.36', '2023-09-15 00:46:06', '2023-09-15 00:46:06'),
	(274, 2, 'http://192.168.117.177:8000/admin/permission', 'user store data permission', 'POST', '192.168.117.177', 'Mozilla/5.0 (Windows NT 10.0; Win64; x64) AppleWebKit/537.36 (KHTML, like Gecko) Chrome/116.0.0.0 Safari/537.36', '2023-09-20 18:38:45', '2023-09-20 18:38:45'),
	(275, 2, 'http://192.168.117.177:8000/admin/permission', 'user store data permission', 'POST', '192.168.117.177', 'Mozilla/5.0 (Windows NT 10.0; Win64; x64) AppleWebKit/537.36 (KHTML, like Gecko) Chrome/116.0.0.0 Safari/537.36', '2023-09-20 18:39:00', '2023-09-20 18:39:00'),
	(276, 2, 'http://192.168.117.177:8000/admin/permission', 'user store data permission', 'POST', '192.168.117.177', 'Mozilla/5.0 (Windows NT 10.0; Win64; x64) AppleWebKit/537.36 (KHTML, like Gecko) Chrome/116.0.0.0 Safari/537.36', '2023-09-20 18:39:08', '2023-09-20 18:39:08'),
	(277, 2, 'http://192.168.117.177:8000/admin/permission', 'user store data permission', 'POST', '192.168.117.177', 'Mozilla/5.0 (Windows NT 10.0; Win64; x64) AppleWebKit/537.36 (KHTML, like Gecko) Chrome/116.0.0.0 Safari/537.36', '2023-09-20 18:39:14', '2023-09-20 18:39:14'),
	(278, 2, 'http://192.168.117.177:8000/admin/role/2', 'user update data role', 'PUT', '192.168.117.177', 'Mozilla/5.0 (Windows NT 10.0; Win64; x64) AppleWebKit/537.36 (KHTML, like Gecko) Chrome/116.0.0.0 Safari/537.36', '2023-09-20 18:42:39', '2023-09-20 18:42:39'),
	(279, 2, 'http://192.168.117.177:8000/master/expense', 'user store data master expense', 'POST', '192.168.117.177', 'Mozilla/5.0 (Windows NT 10.0; Win64; x64) AppleWebKit/537.36 (KHTML, like Gecko) Chrome/116.0.0.0 Safari/537.36', '2023-09-20 20:52:50', '2023-09-20 20:52:50'),
	(280, 2, 'http://192.168.117.177:8000/master/expense/2', 'user update data master expense', 'PUT', '192.168.117.177', 'Mozilla/5.0 (Windows NT 10.0; Win64; x64) AppleWebKit/537.36 (KHTML, like Gecko) Chrome/116.0.0.0 Safari/537.36', '2023-09-20 21:00:05', '2023-09-20 21:00:05'),
	(281, 2, 'http://192.168.117.177:8000/master/expense/2', 'user update data master expense', 'PUT', '192.168.117.177', 'Mozilla/5.0 (Windows NT 10.0; Win64; x64) AppleWebKit/537.36 (KHTML, like Gecko) Chrome/116.0.0.0 Safari/537.36', '2023-09-20 21:00:56', '2023-09-20 21:00:56'),
	(282, 2, 'http://192.168.117.177:8000/master/expense/2', 'user delete data master expense', 'DELETE', '192.168.117.177', 'Mozilla/5.0 (Windows NT 10.0; Win64; x64) AppleWebKit/537.36 (KHTML, like Gecko) Chrome/116.0.0.0 Safari/537.36', '2023-09-20 21:23:42', '2023-09-20 21:23:42'),
	(283, 2, 'http://192.168.117.177:8000/master/expense', 'user store data master expense', 'POST', '192.168.117.177', 'Mozilla/5.0 (Windows NT 10.0; Win64; x64) AppleWebKit/537.36 (KHTML, like Gecko) Chrome/116.0.0.0 Safari/537.36', '2023-09-21 01:37:13', '2023-09-21 01:37:13'),
	(284, 2, 'http://192.168.117.177:8000/master/expense', 'user store data master expense', 'POST', '192.168.117.177', 'Mozilla/5.0 (Windows NT 10.0; Win64; x64) AppleWebKit/537.36 (KHTML, like Gecko) Chrome/116.0.0.0 Safari/537.36', '2023-09-21 01:51:43', '2023-09-21 01:51:43'),
	(285, 2, 'http://127.0.0.1:8000/ppic/production_plan', 'user store data ppic', 'POST', '127.0.0.1', 'Mozilla/5.0 (Windows NT 10.0; Win64; x64) AppleWebKit/537.36 (KHTML, like Gecko) Chrome/116.0.0.0 Safari/537.36', '2023-09-29 00:39:18', '2023-09-29 00:39:18'),
	(286, 2, 'http://127.0.0.1:8000/ppic/production_plan/3', 'user update data ppic', 'PUT', '127.0.0.1', 'Mozilla/5.0 (Windows NT 10.0; Win64; x64) AppleWebKit/537.36 (KHTML, like Gecko) Chrome/116.0.0.0 Safari/537.36', '2023-09-29 00:39:29', '2023-09-29 00:39:29'),
	(287, 2, 'http://127.0.0.1:8000/ppic/approval_ppic_atasan/3', 'user update data ppic atasan', 'PUT', '127.0.0.1', 'Mozilla/5.0 (Windows NT 10.0; Win64; x64) AppleWebKit/537.36 (KHTML, like Gecko) Chrome/116.0.0.0 Safari/537.36', '2023-09-29 00:39:48', '2023-09-29 00:39:48'),
	(288, 2, 'http://localhost:8000/admin/permission', 'user store data permission', 'POST', '127.0.0.1', 'Mozilla/5.0 (Windows NT 10.0; Win64; x64) AppleWebKit/537.36 (KHTML, like Gecko) Chrome/117.0.0.0 Safari/537.36', '2023-10-05 00:54:12', '2023-10-05 00:54:12'),
	(289, 2, 'http://localhost:8000/admin/permission', 'user store data permission', 'POST', '127.0.0.1', 'Mozilla/5.0 (Windows NT 10.0; Win64; x64) AppleWebKit/537.36 (KHTML, like Gecko) Chrome/117.0.0.0 Safari/537.36', '2023-10-05 00:54:25', '2023-10-05 00:54:25'),
	(290, 2, 'http://localhost:8000/admin/permission', 'user store data permission', 'POST', '127.0.0.1', 'Mozilla/5.0 (Windows NT 10.0; Win64; x64) AppleWebKit/537.36 (KHTML, like Gecko) Chrome/117.0.0.0 Safari/537.36', '2023-10-05 00:55:04', '2023-10-05 00:55:04'),
	(291, 2, 'http://localhost:8000/admin/permission', 'user store data permission', 'POST', '127.0.0.1', 'Mozilla/5.0 (Windows NT 10.0; Win64; x64) AppleWebKit/537.36 (KHTML, like Gecko) Chrome/117.0.0.0 Safari/537.36', '2023-10-05 00:55:13', '2023-10-05 00:55:13'),
	(292, 2, 'http://localhost:8000/admin/role/2', 'user update data role', 'PUT', '127.0.0.1', 'Mozilla/5.0 (Windows NT 10.0; Win64; x64) AppleWebKit/537.36 (KHTML, like Gecko) Chrome/117.0.0.0 Safari/537.36', '2023-10-05 00:55:34', '2023-10-05 00:55:34'),
	(293, 2, 'http://localhost:8000/admin/permission', 'user store data permission', 'POST', '127.0.0.1', 'Mozilla/5.0 (Windows NT 10.0; Win64; x64) AppleWebKit/537.36 (KHTML, like Gecko) Chrome/117.0.0.0 Safari/537.36', '2023-10-05 18:53:07', '2023-10-05 18:53:07'),
	(294, 2, 'http://localhost:8000/admin/permission', 'user store data permission', 'POST', '127.0.0.1', 'Mozilla/5.0 (Windows NT 10.0; Win64; x64) AppleWebKit/537.36 (KHTML, like Gecko) Chrome/117.0.0.0 Safari/537.36', '2023-10-05 18:53:13', '2023-10-05 18:53:13'),
	(295, 2, 'http://localhost:8000/admin/permission', 'user store data permission', 'POST', '127.0.0.1', 'Mozilla/5.0 (Windows NT 10.0; Win64; x64) AppleWebKit/537.36 (KHTML, like Gecko) Chrome/117.0.0.0 Safari/537.36', '2023-10-05 18:53:19', '2023-10-05 18:53:19'),
	(296, 2, 'http://localhost:8000/admin/permission/142', 'user update data permission', 'PUT', '127.0.0.1', 'Mozilla/5.0 (Windows NT 10.0; Win64; x64) AppleWebKit/537.36 (KHTML, like Gecko) Chrome/117.0.0.0 Safari/537.36', '2023-10-05 18:53:24', '2023-10-05 18:53:24'),
	(297, 2, 'http://localhost:8000/admin/permission', 'user store data permission', 'POST', '127.0.0.1', 'Mozilla/5.0 (Windows NT 10.0; Win64; x64) AppleWebKit/537.36 (KHTML, like Gecko) Chrome/117.0.0.0 Safari/537.36', '2023-10-05 18:53:30', '2023-10-05 18:53:30'),
	(298, 2, 'http://localhost:8000/admin/role/2', 'user update data role', 'PUT', '127.0.0.1', 'Mozilla/5.0 (Windows NT 10.0; Win64; x64) AppleWebKit/537.36 (KHTML, like Gecko) Chrome/117.0.0.0 Safari/537.36', '2023-10-05 18:53:43', '2023-10-05 18:53:43'),
	(299, 2, 'http://localhost:8000/admin/permission', 'user store data permission', 'POST', '127.0.0.1', 'Mozilla/5.0 (Windows NT 10.0; Win64; x64) AppleWebKit/537.36 (KHTML, like Gecko) Chrome/117.0.0.0 Safari/537.36', '2023-10-09 18:17:09', '2023-10-09 18:17:09'),
	(300, 2, 'http://localhost:8000/admin/permission', 'user store data permission', 'POST', '127.0.0.1', 'Mozilla/5.0 (Windows NT 10.0; Win64; x64) AppleWebKit/537.36 (KHTML, like Gecko) Chrome/117.0.0.0 Safari/537.36', '2023-10-09 18:17:15', '2023-10-09 18:17:15'),
	(301, 2, 'http://localhost:8000/admin/permission', 'user store data permission', 'POST', '127.0.0.1', 'Mozilla/5.0 (Windows NT 10.0; Win64; x64) AppleWebKit/537.36 (KHTML, like Gecko) Chrome/117.0.0.0 Safari/537.36', '2023-10-09 18:17:21', '2023-10-09 18:17:21'),
	(302, 2, 'http://localhost:8000/admin/permission', 'user store data permission', 'POST', '127.0.0.1', 'Mozilla/5.0 (Windows NT 10.0; Win64; x64) AppleWebKit/537.36 (KHTML, like Gecko) Chrome/117.0.0.0 Safari/537.36', '2023-10-09 18:17:27', '2023-10-09 18:17:27'),
	(303, 2, 'http://localhost:8000/admin/role/2', 'user update data role', 'PUT', '127.0.0.1', 'Mozilla/5.0 (Windows NT 10.0; Win64; x64) AppleWebKit/537.36 (KHTML, like Gecko) Chrome/117.0.0.0 Safari/537.36', '2023-10-09 18:18:18', '2023-10-09 18:18:18'),
	(304, 2, 'http://localhost:8000/ppic/production_plan', 'user store data ppic', 'POST', '127.0.0.1', 'Mozilla/5.0 (Windows NT 10.0; Win64; x64) AppleWebKit/537.36 (KHTML, like Gecko) Chrome/117.0.0.0 Safari/537.36', '2023-10-10 19:46:02', '2023-10-10 19:46:02'),
	(305, 2, 'http://localhost:8000/ppic/production_plan/1', 'user update data ppic', 'PUT', '127.0.0.1', 'Mozilla/5.0 (Windows NT 10.0; Win64; x64) AppleWebKit/537.36 (KHTML, like Gecko) Chrome/117.0.0.0 Safari/537.36', '2023-10-10 19:49:53', '2023-10-10 19:49:53'),
	(306, 2, 'http://localhost:8000/ppic/approval_ppic_atasan/1', 'user update data ppic atasan', 'PUT', '127.0.0.1', 'Mozilla/5.0 (Windows NT 10.0; Win64; x64) AppleWebKit/537.36 (KHTML, like Gecko) Chrome/117.0.0.0 Safari/537.36', '2023-10-10 19:50:21', '2023-10-10 19:50:21'),
	(307, 2, 'http://192.168.117.177:8081/ppic/production_plan', 'user store data ppic', 'POST', '192.168.117.177', 'Mozilla/5.0 (Windows NT 10.0; Win64; x64) AppleWebKit/537.36 (KHTML, like Gecko) Chrome/118.0.0.0 Safari/537.36', '2023-10-17 23:39:49', '2023-10-17 23:39:49'),
	(308, 2, 'http://192.168.117.177:8081/ppic/production_plan', 'user store data ppic', 'POST', '192.168.117.177', 'Mozilla/5.0 (Windows NT 10.0; Win64; x64) AppleWebKit/537.36 (KHTML, like Gecko) Chrome/118.0.0.0 Safari/537.36', '2023-10-18 01:03:05', '2023-10-18 01:03:05'),
	(309, 2, 'http://192.168.117.177:8081/ppic/production_plan/3', 'user update data ppic', 'PUT', '192.168.117.177', 'Mozilla/5.0 (Windows NT 10.0; Win64; x64) AppleWebKit/537.36 (KHTML, like Gecko) Chrome/118.0.0.0 Safari/537.36', '2023-10-18 01:03:14', '2023-10-18 01:03:14'),
	(310, 2, 'http://192.168.117.177:8081/ppic/production_plan/3', 'user update data ppic', 'PUT', '192.168.117.177', 'Mozilla/5.0 (Windows NT 10.0; Win64; x64) AppleWebKit/537.36 (KHTML, like Gecko) Chrome/118.0.0.0 Safari/537.36', '2023-10-18 01:04:44', '2023-10-18 01:04:44'),
	(311, 2, 'http://192.168.117.177:8081/ppic/production_plan/3', 'user update data ppic', 'PUT', '192.168.117.177', 'Mozilla/5.0 (Windows NT 10.0; Win64; x64) AppleWebKit/537.36 (KHTML, like Gecko) Chrome/118.0.0.0 Safari/537.36', '2023-10-18 01:14:15', '2023-10-18 01:14:15'),
	(312, 2, 'http://192.168.117.177:8081/ppic/production_plan/3', 'user update data ppic', 'PUT', '192.168.117.177', 'Mozilla/5.0 (Windows NT 10.0; Win64; x64) AppleWebKit/537.36 (KHTML, like Gecko) Chrome/118.0.0.0 Safari/537.36', '2023-10-18 01:54:25', '2023-10-18 01:54:25'),
	(313, 2, 'http://192.168.117.177:8081/ppic/production_plan', 'user store data ppic', 'POST', '192.168.117.177', 'Mozilla/5.0 (Windows NT 10.0; Win64; x64) AppleWebKit/537.36 (KHTML, like Gecko) Chrome/118.0.0.0 Safari/537.36', '2023-10-18 02:40:31', '2023-10-18 02:40:31'),
	(314, 2, 'http://192.168.117.177:8081/ppic/production_plan/4', 'user update data ppic', 'PUT', '192.168.117.177', 'Mozilla/5.0 (Windows NT 10.0; Win64; x64) AppleWebKit/537.36 (KHTML, like Gecko) Chrome/118.0.0.0 Safari/537.36', '2023-10-18 02:41:24', '2023-10-18 02:41:24'),
	(315, 2, 'http://192.168.117.177:8081/ppic/approval_ppic_atasan/4', 'user update data ppic atasan', 'PUT', '192.168.117.177', 'Mozilla/5.0 (Windows NT 10.0; Win64; x64) AppleWebKit/537.36 (KHTML, like Gecko) Chrome/118.0.0.0 Safari/537.36', '2023-10-18 19:51:42', '2023-10-18 19:51:42'),
	(316, 2, 'http://192.168.117.177:8081/ppic/production_plan/4', 'user update data ppic', 'PUT', '192.168.117.177', 'Mozilla/5.0 (Windows NT 10.0; Win64; x64) AppleWebKit/537.36 (KHTML, like Gecko) Chrome/118.0.0.0 Safari/537.36', '2023-10-18 20:21:40', '2023-10-18 20:21:40'),
	(317, 2, 'http://192.168.117.177:8081/ppic/approval_ppic_atasan/4', 'user update data ppic atasan', 'PUT', '192.168.117.177', 'Mozilla/5.0 (Windows NT 10.0; Win64; x64) AppleWebKit/537.36 (KHTML, like Gecko) Chrome/118.0.0.0 Safari/537.36', '2023-10-18 20:42:46', '2023-10-18 20:42:46'),
	(318, 2, 'http://192.168.117.177:8081/bom/setup/6/copy', 'user copy data bom', 'PUT', '192.168.117.177', 'Mozilla/5.0 (Windows NT 10.0; Win64; x64) AppleWebKit/537.36 (KHTML, like Gecko) Chrome/118.0.0.0 Safari/537.36', '2023-10-19 01:33:02', '2023-10-19 01:33:02'),
	(319, 2, 'http://192.168.117.177:8081/master/item', 'user store data master item', 'POST', '192.168.117.177', 'Mozilla/5.0 (Windows NT 10.0; Win64; x64) AppleWebKit/537.36 (KHTML, like Gecko) Chrome/118.0.0.0 Safari/537.36', '2023-10-19 02:37:36', '2023-10-19 02:37:36'),
	(320, 2, 'http://192.168.117.177:8081/master/produk', 'user store data produk', 'POST', '192.168.117.177', 'Mozilla/5.0 (Windows NT 10.0; Win64; x64) AppleWebKit/537.36 (KHTML, like Gecko) Chrome/118.0.0.0 Safari/537.36', '2023-10-19 02:42:29', '2023-10-19 02:42:29'),
	(321, 2, 'http://192.168.117.177:8081/master/item', 'user store data master item', 'POST', '192.168.117.177', 'Mozilla/5.0 (Windows NT 10.0; Win64; x64) AppleWebKit/537.36 (KHTML, like Gecko) Chrome/118.0.0.0 Safari/537.36', '2023-10-19 02:45:13', '2023-10-19 02:45:13'),
	(322, 2, 'http://192.168.117.177:8081/master/item', 'user store data master item', 'POST', '192.168.117.177', 'Mozilla/5.0 (Windows NT 10.0; Win64; x64) AppleWebKit/537.36 (KHTML, like Gecko) Chrome/118.0.0.0 Safari/537.36', '2023-10-19 02:45:40', '2023-10-19 02:45:40'),
	(323, 2, 'http://192.168.117.177:8081/bom/setup', 'user store data bom', 'POST', '192.168.117.177', 'Mozilla/5.0 (Windows NT 10.0; Win64; x64) AppleWebKit/537.36 (KHTML, like Gecko) Chrome/118.0.0.0 Safari/537.36', '2023-10-19 02:54:20', '2023-10-19 02:54:20'),
	(324, 2, 'http://192.168.117.177:8081/bom/setup/11', 'user update data bom', 'PUT', '192.168.117.177', 'Mozilla/5.0 (Windows NT 10.0; Win64; x64) AppleWebKit/537.36 (KHTML, like Gecko) Chrome/118.0.0.0 Safari/537.36', '2023-10-19 19:01:17', '2023-10-19 19:01:17'),
	(325, 2, 'http://192.168.117.177:8081/bom/approval_rnd_atasan/11', 'user update data bom atasan', 'PUT', '192.168.117.177', 'Mozilla/5.0 (Windows NT 10.0; Win64; x64) AppleWebKit/537.36 (KHTML, like Gecko) Chrome/118.0.0.0 Safari/537.36', '2023-10-19 19:53:17', '2023-10-19 19:53:17'),
	(326, 2, 'http://192.168.117.177:8081/bom/setup/11', 'user update data bom', 'PUT', '192.168.117.177', 'Mozilla/5.0 (Windows NT 10.0; Win64; x64) AppleWebKit/537.36 (KHTML, like Gecko) Chrome/118.0.0.0 Safari/537.36', '2023-10-19 21:06:28', '2023-10-19 21:06:28'),
	(327, 2, 'http://192.168.117.177:8081/bom/approval_rnd_atasan/11', 'user update data bom atasan', 'PUT', '192.168.117.177', 'Mozilla/5.0 (Windows NT 10.0; Win64; x64) AppleWebKit/537.36 (KHTML, like Gecko) Chrome/118.0.0.0 Safari/537.36', '2023-10-19 21:16:05', '2023-10-19 21:16:05'),
	(328, 2, 'http://192.168.117.177:8081/bom/setup/11', 'user update data bom', 'PUT', '192.168.117.177', 'Mozilla/5.0 (Windows NT 10.0; Win64; x64) AppleWebKit/537.36 (KHTML, like Gecko) Chrome/118.0.0.0 Safari/537.36', '2023-10-19 21:16:43', '2023-10-19 21:16:43'),
	(329, 2, 'http://192.168.117.177:8081/bom/approval_rnd_atasan/11', 'user update data bom atasan', 'PUT', '192.168.117.177', 'Mozilla/5.0 (Windows NT 10.0; Win64; x64) AppleWebKit/537.36 (KHTML, like Gecko) Chrome/118.0.0.0 Safari/537.36', '2023-10-19 21:19:55', '2023-10-19 21:19:55'),
	(330, 2, 'http://192.168.117.177:8081/bom/setup/11', 'user update data bom', 'PUT', '192.168.117.177', 'Mozilla/5.0 (Windows NT 10.0; Win64; x64) AppleWebKit/537.36 (KHTML, like Gecko) Chrome/118.0.0.0 Safari/537.36', '2023-10-20 00:51:05', '2023-10-20 00:51:05'),
	(331, 2, 'http://192.168.117.177:8081/bom/approval_rnd_atasan/11', 'user update data bom atasan', 'PUT', '192.168.117.177', 'Mozilla/5.0 (Windows NT 10.0; Win64; x64) AppleWebKit/537.36 (KHTML, like Gecko) Chrome/118.0.0.0 Safari/537.36', '2023-10-20 01:21:26', '2023-10-20 01:21:26'),
	(332, 2, 'http://192.168.117.177:8081/bom/setup/11', 'user update data bom', 'PUT', '192.168.117.177', 'Mozilla/5.0 (Windows NT 10.0; Win64; x64) AppleWebKit/537.36 (KHTML, like Gecko) Chrome/118.0.0.0 Safari/537.36', '2023-10-20 01:22:34', '2023-10-20 01:22:34'),
	(333, 2, 'http://192.168.117.177:8081/bom/setup/11', 'user update data bom', 'PUT', '192.168.117.177', 'Mozilla/5.0 (Windows NT 10.0; Win64; x64) AppleWebKit/537.36 (KHTML, like Gecko) Chrome/118.0.0.0 Safari/537.36', '2023-10-20 01:22:48', '2023-10-20 01:22:48'),
	(334, 2, 'http://192.168.117.177:8081/bom/setup/11/copy', 'user copy data bom', 'PUT', '192.168.117.177', 'Mozilla/5.0 (Windows NT 10.0; Win64; x64) AppleWebKit/537.36 (KHTML, like Gecko) Chrome/118.0.0.0 Safari/537.36', '2023-10-20 01:23:07', '2023-10-20 01:23:07'),
	(335, 2, 'http://192.168.117.177:8081/bom/setup/11/copy', 'user copy data bom', 'PUT', '192.168.117.177', 'Mozilla/5.0 (Windows NT 10.0; Win64; x64) AppleWebKit/537.36 (KHTML, like Gecko) Chrome/118.0.0.0 Safari/537.36', '2023-10-20 01:34:07', '2023-10-20 01:34:07'),
	(336, 2, 'http://192.168.117.177:8081/bom/setup/11/copy', 'user copy data bom', 'PUT', '192.168.117.177', 'Mozilla/5.0 (Windows NT 10.0; Win64; x64) AppleWebKit/537.36 (KHTML, like Gecko) Chrome/118.0.0.0 Safari/537.36', '2023-10-20 01:37:30', '2023-10-20 01:37:30'),
	(337, 2, 'http://192.168.117.177:8081/bom/setup/11/copy', 'user copy data bom', 'PUT', '192.168.117.177', 'Mozilla/5.0 (Windows NT 10.0; Win64; x64) AppleWebKit/537.36 (KHTML, like Gecko) Chrome/118.0.0.0 Safari/537.36', '2023-10-20 01:44:03', '2023-10-20 01:44:03'),
	(338, 2, 'http://192.168.117.177:8081/bom/setup/11/copy', 'user copy data bom', 'PUT', '192.168.117.177', 'Mozilla/5.0 (Windows NT 10.0; Win64; x64) AppleWebKit/537.36 (KHTML, like Gecko) Chrome/118.0.0.0 Safari/537.36', '2023-10-20 01:45:11', '2023-10-20 01:45:11'),
	(339, 2, 'http://192.168.117.177:8081/bom/setup/11/copy', 'user copy data bom', 'PUT', '192.168.117.177', 'Mozilla/5.0 (Windows NT 10.0; Win64; x64) AppleWebKit/537.36 (KHTML, like Gecko) Chrome/118.0.0.0 Safari/537.36', '2023-10-20 01:46:37', '2023-10-20 01:46:37'),
	(340, 2, 'http://192.168.117.177:8081/bom/setup/11/copy', 'user copy data bom', 'PUT', '192.168.117.177', 'Mozilla/5.0 (Windows NT 10.0; Win64; x64) AppleWebKit/537.36 (KHTML, like Gecko) Chrome/118.0.0.0 Safari/537.36', '2023-10-20 01:48:27', '2023-10-20 01:48:27'),
	(341, 2, 'http://192.168.117.177:8081/bom/setup/18', 'user update data bom', 'PUT', '192.168.117.177', 'Mozilla/5.0 (Windows NT 10.0; Win64; x64) AppleWebKit/537.36 (KHTML, like Gecko) Chrome/118.0.0.0 Safari/537.36', '2023-10-20 01:50:01', '2023-10-20 01:50:01'),
	(342, 2, 'http://192.168.117.177:8081/admin/permission', 'user store data permission', 'POST', '192.168.117.177', 'Mozilla/5.0 (Windows NT 10.0; Win64; x64) AppleWebKit/537.36 (KHTML, like Gecko) Chrome/118.0.0.0 Safari/537.36', '2023-10-20 02:31:58', '2023-10-20 02:31:58'),
	(343, 2, 'http://192.168.117.177:8081/admin/permission', 'user store data permission', 'POST', '192.168.117.177', 'Mozilla/5.0 (Windows NT 10.0; Win64; x64) AppleWebKit/537.36 (KHTML, like Gecko) Chrome/118.0.0.0 Safari/537.36', '2023-10-20 02:32:04', '2023-10-20 02:32:04'),
	(344, 2, 'http://192.168.117.177:8081/admin/permission', 'user store data permission', 'POST', '192.168.117.177', 'Mozilla/5.0 (Windows NT 10.0; Win64; x64) AppleWebKit/537.36 (KHTML, like Gecko) Chrome/118.0.0.0 Safari/537.36', '2023-10-20 02:32:10', '2023-10-20 02:32:10'),
	(345, 2, 'http://192.168.117.177:8081/admin/permission', 'user store data permission', 'POST', '192.168.117.177', 'Mozilla/5.0 (Windows NT 10.0; Win64; x64) AppleWebKit/537.36 (KHTML, like Gecko) Chrome/118.0.0.0 Safari/537.36', '2023-10-20 02:32:16', '2023-10-20 02:32:16'),
	(346, 2, 'http://192.168.117.177:8081/admin/role/2', 'user update data role', 'PUT', '192.168.117.177', 'Mozilla/5.0 (Windows NT 10.0; Win64; x64) AppleWebKit/537.36 (KHTML, like Gecko) Chrome/118.0.0.0 Safari/537.36', '2023-10-20 02:32:30', '2023-10-20 02:32:30'),
	(347, 2, 'http://192.168.117.177:8081/admin/permission', 'user store data permission', 'POST', '192.168.117.177', 'Mozilla/5.0 (Windows NT 10.0; Win64; x64) AppleWebKit/537.36 (KHTML, like Gecko) Chrome/118.0.0.0 Safari/537.36', '2023-10-25 21:45:29', '2023-10-25 21:45:29'),
	(348, 2, 'http://192.168.117.177:8081/admin/permission', 'user store data permission', 'POST', '192.168.117.177', 'Mozilla/5.0 (Windows NT 10.0; Win64; x64) AppleWebKit/537.36 (KHTML, like Gecko) Chrome/118.0.0.0 Safari/537.36', '2023-10-25 21:45:37', '2023-10-25 21:45:37'),
	(349, 2, 'http://192.168.117.177:8081/admin/permission', 'user store data permission', 'POST', '192.168.117.177', 'Mozilla/5.0 (Windows NT 10.0; Win64; x64) AppleWebKit/537.36 (KHTML, like Gecko) Chrome/118.0.0.0 Safari/537.36', '2023-10-25 21:45:43', '2023-10-25 21:45:43'),
	(350, 2, 'http://192.168.117.177:8081/admin/permission', 'user store data permission', 'POST', '192.168.117.177', 'Mozilla/5.0 (Windows NT 10.0; Win64; x64) AppleWebKit/537.36 (KHTML, like Gecko) Chrome/118.0.0.0 Safari/537.36', '2023-10-25 21:45:49', '2023-10-25 21:45:49'),
	(351, 2, 'http://192.168.117.177:8081/admin/role/2', 'user update data role', 'PUT', '192.168.117.177', 'Mozilla/5.0 (Windows NT 10.0; Win64; x64) AppleWebKit/537.36 (KHTML, like Gecko) Chrome/118.0.0.0 Safari/537.36', '2023-10-25 21:46:20', '2023-10-25 21:46:20'),
	(352, 2, 'http://192.168.117.177:8081/ppic/production_plan', 'user store data ppic', 'POST', '192.168.117.177', 'Mozilla/5.0 (Windows NT 10.0; Win64; x64) AppleWebKit/537.36 (KHTML, like Gecko) Chrome/118.0.0.0 Safari/537.36', '2023-10-31 19:40:36', '2023-10-31 19:40:36'),
	(353, 2, 'http://192.168.117.177:8081/ppic/production_plan/1', 'user update data ppic', 'PUT', '192.168.117.177', 'Mozilla/5.0 (Windows NT 10.0; Win64; x64) AppleWebKit/537.36 (KHTML, like Gecko) Chrome/118.0.0.0 Safari/537.36', '2023-10-31 19:40:58', '2023-10-31 19:40:58'),
	(354, 2, 'http://192.168.117.177:8081/ppic/approval_ppic_atasan/1', 'user update data ppic atasan', 'PUT', '192.168.117.177', 'Mozilla/5.0 (Windows NT 10.0; Win64; x64) AppleWebKit/537.36 (KHTML, like Gecko) Chrome/118.0.0.0 Safari/537.36', '2023-10-31 19:41:22', '2023-10-31 19:41:22'),
	(355, 2, 'http://192.168.117.177:8081/admin/permission', 'user store data permission', 'POST', '192.168.117.177', 'Mozilla/5.0 (Windows NT 10.0; Win64; x64) AppleWebKit/537.36 (KHTML, like Gecko) Chrome/118.0.0.0 Safari/537.36', '2023-11-06 01:10:19', '2023-11-06 01:10:19'),
	(356, 2, 'http://192.168.117.177:8081/admin/permission/156', 'user delete data permission', 'DELETE', '192.168.117.177', 'Mozilla/5.0 (Windows NT 10.0; Win64; x64) AppleWebKit/537.36 (KHTML, like Gecko) Chrome/118.0.0.0 Safari/537.36', '2023-11-06 01:11:02', '2023-11-06 01:11:02'),
	(357, 2, 'http://192.168.117.177:8081/admin/permission', 'user store data permission', 'POST', '192.168.117.177', 'Mozilla/5.0 (Windows NT 10.0; Win64; x64) AppleWebKit/537.36 (KHTML, like Gecko) Chrome/118.0.0.0 Safari/537.36', '2023-11-06 01:15:54', '2023-11-06 01:15:54'),
	(358, 2, 'http://192.168.117.177:8081/admin/role/2', 'user update data role', 'PUT', '192.168.117.177', 'Mozilla/5.0 (Windows NT 10.0; Win64; x64) AppleWebKit/537.36 (KHTML, like Gecko) Chrome/118.0.0.0 Safari/537.36', '2023-11-06 01:16:02', '2023-11-06 01:16:02'),
	(359, 2, 'http://192.168.117.177:8081/admin/permission', 'user store data permission', 'POST', '192.168.117.177', 'Mozilla/5.0 (Windows NT 10.0; Win64; x64) AppleWebKit/537.36 (KHTML, like Gecko) Chrome/118.0.0.0 Safari/537.36', '2023-11-06 01:21:56', '2023-11-06 01:21:56'),
	(360, 2, 'http://192.168.117.177:8081/admin/role/2', 'user update data role', 'PUT', '192.168.117.177', 'Mozilla/5.0 (Windows NT 10.0; Win64; x64) AppleWebKit/537.36 (KHTML, like Gecko) Chrome/118.0.0.0 Safari/537.36', '2023-11-06 01:22:16', '2023-11-06 01:22:16'),
	(361, 2, 'http://192.168.117.177:8081/admin/role/2', 'user update data role', 'PUT', '192.168.117.177', 'Mozilla/5.0 (Windows NT 10.0; Win64; x64) AppleWebKit/537.36 (KHTML, like Gecko) Chrome/118.0.0.0 Safari/537.36', '2023-11-06 01:23:18', '2023-11-06 01:23:18'),
	(362, 2, 'http://192.168.117.177:8081/admin/role/2', 'user update data role', 'PUT', '192.168.117.177', 'Mozilla/5.0 (Windows NT 10.0; Win64; x64) AppleWebKit/537.36 (KHTML, like Gecko) Chrome/118.0.0.0 Safari/537.36', '2023-11-06 01:25:55', '2023-11-06 01:25:55'),
	(363, 2, 'http://192.168.117.177:8081/admin/role/2', 'user update data role', 'PUT', '192.168.117.177', 'Mozilla/5.0 (Windows NT 10.0; Win64; x64) AppleWebKit/537.36 (KHTML, like Gecko) Chrome/118.0.0.0 Safari/537.36', '2023-11-06 01:27:22', '2023-11-06 01:27:22'),
	(364, 2, 'http://192.168.117.177:8081/admin/role/2', 'user update data role', 'PUT', '192.168.117.177', 'Mozilla/5.0 (Windows NT 10.0; Win64; x64) AppleWebKit/537.36 (KHTML, like Gecko) Chrome/118.0.0.0 Safari/537.36', '2023-11-06 01:28:01', '2023-11-06 01:28:01'),
	(365, 2, 'http://192.168.117.177:8081/ppic/production_plan', 'user store data ppic', 'POST', '192.168.117.177', 'Mozilla/5.0 (Windows NT 10.0; Win64; x64) AppleWebKit/537.36 (KHTML, like Gecko) Chrome/118.0.0.0 Safari/537.36', '2023-11-07 00:24:28', '2023-11-07 00:24:28'),
	(366, 2, 'http://192.168.117.177:8081/ppic/production_plan/1', 'user update data ppic', 'PUT', '192.168.117.177', 'Mozilla/5.0 (Windows NT 10.0; Win64; x64) AppleWebKit/537.36 (KHTML, like Gecko) Chrome/118.0.0.0 Safari/537.36', '2023-11-07 00:26:14', '2023-11-07 00:26:14'),
	(367, 2, 'http://192.168.117.177:8081/ppic/approval_ppic_atasan/1', 'user update data ppic atasan', 'PUT', '192.168.117.177', 'Mozilla/5.0 (Windows NT 10.0; Win64; x64) AppleWebKit/537.36 (KHTML, like Gecko) Chrome/118.0.0.0 Safari/537.36', '2023-11-07 00:26:29', '2023-11-07 00:26:29'),
	(368, 2, 'http://192.168.117.177:8081/admin/permission', 'user store data permission', 'POST', '192.168.117.177', 'Mozilla/5.0 (Windows NT 10.0; Win64; x64) AppleWebKit/537.36 (KHTML, like Gecko) Chrome/119.0.0.0 Safari/537.36', '2023-11-08 23:47:08', '2023-11-08 23:47:08'),
	(369, 2, 'http://192.168.117.177:8081/admin/permission', 'user store data permission', 'POST', '192.168.117.177', 'Mozilla/5.0 (Windows NT 10.0; Win64; x64) AppleWebKit/537.36 (KHTML, like Gecko) Chrome/119.0.0.0 Safari/537.36', '2023-11-08 23:47:14', '2023-11-08 23:47:14'),
	(370, 2, 'http://192.168.117.177:8081/admin/permission', 'user store data permission', 'POST', '192.168.117.177', 'Mozilla/5.0 (Windows NT 10.0; Win64; x64) AppleWebKit/537.36 (KHTML, like Gecko) Chrome/119.0.0.0 Safari/537.36', '2023-11-08 23:47:19', '2023-11-08 23:47:19'),
	(371, 2, 'http://192.168.117.177:8081/admin/permission', 'user store data permission', 'POST', '192.168.117.177', 'Mozilla/5.0 (Windows NT 10.0; Win64; x64) AppleWebKit/537.36 (KHTML, like Gecko) Chrome/119.0.0.0 Safari/537.36', '2023-11-08 23:47:25', '2023-11-08 23:47:25'),
	(372, 2, 'http://192.168.117.177:8081/admin/role/2', 'user update data role', 'PUT', '192.168.117.177', 'Mozilla/5.0 (Windows NT 10.0; Win64; x64) AppleWebKit/537.36 (KHTML, like Gecko) Chrome/119.0.0.0 Safari/537.36', '2023-11-08 23:47:43', '2023-11-08 23:47:43'),
	(373, 2, 'http://192.168.117.177:8081/admin/role', 'user store data role', 'POST', '192.168.117.177', 'Mozilla/5.0 (Windows NT 10.0; Win64; x64) AppleWebKit/537.36 (KHTML, like Gecko) Chrome/119.0.0.0 Safari/537.36', '2023-11-15 01:48:48', '2023-11-15 01:48:48'),
	(374, 2, 'http://192.168.117.177:8081/admin/role', 'user store data role', 'POST', '192.168.117.177', 'Mozilla/5.0 (Windows NT 10.0; Win64; x64) AppleWebKit/537.36 (KHTML, like Gecko) Chrome/119.0.0.0 Safari/537.36', '2023-11-15 01:48:53', '2023-11-15 01:48:53'),
	(375, 2, 'http://192.168.117.177:8081/admin/user/6', 'user update data user account', 'PUT', '192.168.117.177', 'Mozilla/5.0 (Windows NT 10.0; Win64; x64) AppleWebKit/537.36 (KHTML, like Gecko) Chrome/119.0.0.0 Safari/537.36', '2023-11-15 01:53:57', '2023-11-15 01:53:57'),
	(376, 2, 'http://192.168.117.177:8081/master/item', 'user store data master item', 'POST', '192.168.117.177', 'Mozilla/5.0 (Windows NT 10.0; Win64; x64) AppleWebKit/537.36 (KHTML, like Gecko) Chrome/119.0.0.0 Safari/537.36', '2023-11-16 00:51:07', '2023-11-16 00:51:07'),
	(377, 2, 'http://192.168.117.177:8081/ppic/production_plan', 'user store data ppic', 'POST', '192.168.117.177', 'Mozilla/5.0 (Windows NT 10.0; Win64; x64) AppleWebKit/537.36 (KHTML, like Gecko) Chrome/119.0.0.0 Safari/537.36', '2023-11-16 01:53:25', '2023-11-16 01:53:25'),
	(378, 2, 'http://192.168.117.177:8081/ppic/production_plan/2', 'user update data ppic', 'PUT', '192.168.117.177', 'Mozilla/5.0 (Windows NT 10.0; Win64; x64) AppleWebKit/537.36 (KHTML, like Gecko) Chrome/119.0.0.0 Safari/537.36', '2023-11-16 01:53:57', '2023-11-16 01:53:57'),
	(379, 2, 'http://192.168.117.177:8081/ppic/approval_ppic_atasan/2', 'user update data ppic atasan', 'PUT', '192.168.117.177', 'Mozilla/5.0 (Windows NT 10.0; Win64; x64) AppleWebKit/537.36 (KHTML, like Gecko) Chrome/119.0.0.0 Safari/537.36', '2023-11-16 01:54:25', '2023-11-16 01:54:25'),
	(380, 2, 'http://192.168.117.177:8081/ppic/production_plan', 'user store data ppic', 'POST', '192.168.117.177', 'Mozilla/5.0 (Windows NT 10.0; Win64; x64) AppleWebKit/537.36 (KHTML, like Gecko) Chrome/119.0.0.0 Safari/537.36', '2023-11-20 01:10:01', '2023-11-20 01:10:01'),
	(381, 2, 'http://192.168.117.177:8081/ppic/production_plan/1', 'user update data ppic', 'PUT', '192.168.117.177', 'Mozilla/5.0 (Windows NT 10.0; Win64; x64) AppleWebKit/537.36 (KHTML, like Gecko) Chrome/119.0.0.0 Safari/537.36', '2023-11-20 01:10:08', '2023-11-20 01:10:08'),
	(382, 2, 'http://192.168.117.177:8081/ppic/approval_ppic_atasan/1', 'user update data ppic atasan', 'PUT', '192.168.117.177', 'Mozilla/5.0 (Windows NT 10.0; Win64; x64) AppleWebKit/537.36 (KHTML, like Gecko) Chrome/119.0.0.0 Safari/537.36', '2023-11-20 01:10:24', '2023-11-20 01:10:24'),
	(383, 2, 'http://192.168.117.177:8081/admin/permission', 'user store data permission', 'POST', '192.168.117.177', 'Mozilla/5.0 (Windows NT 10.0; Win64; x64) AppleWebKit/537.36 (KHTML, like Gecko) Chrome/119.0.0.0 Safari/537.36', '2023-11-22 02:58:14', '2023-11-22 02:58:14'),
	(384, 2, 'http://192.168.117.177:8081/admin/permission', 'user store data permission', 'POST', '192.168.117.177', 'Mozilla/5.0 (Windows NT 10.0; Win64; x64) AppleWebKit/537.36 (KHTML, like Gecko) Chrome/119.0.0.0 Safari/537.36', '2023-11-22 02:58:22', '2023-11-22 02:58:22'),
	(385, 2, 'http://192.168.117.177:8081/admin/permission', 'user store data permission', 'POST', '192.168.117.177', 'Mozilla/5.0 (Windows NT 10.0; Win64; x64) AppleWebKit/537.36 (KHTML, like Gecko) Chrome/119.0.0.0 Safari/537.36', '2023-11-22 02:58:27', '2023-11-22 02:58:27'),
	(386, 2, 'http://192.168.117.177:8081/admin/permission', 'user store data permission', 'POST', '192.168.117.177', 'Mozilla/5.0 (Windows NT 10.0; Win64; x64) AppleWebKit/537.36 (KHTML, like Gecko) Chrome/119.0.0.0 Safari/537.36', '2023-11-22 02:58:35', '2023-11-22 02:58:35'),
	(387, 2, 'http://192.168.117.177:8081/admin/role/2', 'user update data role', 'PUT', '192.168.117.177', 'Mozilla/5.0 (Windows NT 10.0; Win64; x64) AppleWebKit/537.36 (KHTML, like Gecko) Chrome/119.0.0.0 Safari/537.36', '2023-11-22 18:35:08', '2023-11-22 18:35:08'),
	(388, 2, 'http://192.168.117.177:8081/master/formation', 'user store data formation', 'POST', '192.168.117.177', 'Mozilla/5.0 (Windows NT 10.0; Win64; x64) AppleWebKit/537.36 (KHTML, like Gecko) Chrome/119.0.0.0 Safari/537.36', '2023-11-26 21:24:47', '2023-11-26 21:24:47'),
	(389, 2, 'http://192.168.117.177:8081/master/formation', 'user store data formation', 'POST', '192.168.117.177', 'Mozilla/5.0 (Windows NT 10.0; Win64; x64) AppleWebKit/537.36 (KHTML, like Gecko) Chrome/119.0.0.0 Safari/537.36', '2023-11-26 21:25:01', '2023-11-26 21:25:01'),
	(390, 2, 'http://192.168.117.177:8081/master/formation', 'user store data formation', 'POST', '192.168.117.177', 'Mozilla/5.0 (Windows NT 10.0; Win64; x64) AppleWebKit/537.36 (KHTML, like Gecko) Chrome/119.0.0.0 Safari/537.36', '2023-11-26 21:25:15', '2023-11-26 21:25:15'),
	(391, 2, 'http://192.168.117.177:8081/master/formation/4', 'user update data formation', 'PUT', '192.168.117.177', 'Mozilla/5.0 (Windows NT 10.0; Win64; x64) AppleWebKit/537.36 (KHTML, like Gecko) Chrome/119.0.0.0 Safari/537.36', '2023-11-26 21:25:26', '2023-11-26 21:25:26'),
	(392, 2, 'http://192.168.117.177:8081/master/formation/3', 'user update data formation', 'PUT', '192.168.117.177', 'Mozilla/5.0 (Windows NT 10.0; Win64; x64) AppleWebKit/537.36 (KHTML, like Gecko) Chrome/119.0.0.0 Safari/537.36', '2023-11-26 21:25:33', '2023-11-26 21:25:33'),
	(393, 2, 'http://192.168.117.177:8081/ppic/production_plan', 'user store data ppic', 'POST', '192.168.117.177', 'Mozilla/5.0 (Windows NT 10.0; Win64; x64) AppleWebKit/537.36 (KHTML, like Gecko) Chrome/119.0.0.0 Safari/537.36', '2023-11-27 19:49:43', '2023-11-27 19:49:43'),
	(394, 2, 'http://192.168.117.177:8081/ppic/production_plan/1', 'user update data ppic', 'PUT', '192.168.117.177', 'Mozilla/5.0 (Windows NT 10.0; Win64; x64) AppleWebKit/537.36 (KHTML, like Gecko) Chrome/119.0.0.0 Safari/537.36', '2023-11-27 19:49:52', '2023-11-27 19:49:52'),
	(395, 2, 'http://192.168.117.177:8081/ppic/production_plan', 'user store data ppic', 'POST', '192.168.117.177', 'Mozilla/5.0 (Windows NT 10.0; Win64; x64) AppleWebKit/537.36 (KHTML, like Gecko) Chrome/119.0.0.0 Safari/537.36', '2023-11-27 19:54:33', '2023-11-27 19:54:33'),
	(396, 2, 'http://192.168.117.177:8081/ppic/production_plan/1', 'user update data ppic', 'PUT', '192.168.117.177', 'Mozilla/5.0 (Windows NT 10.0; Win64; x64) AppleWebKit/537.36 (KHTML, like Gecko) Chrome/119.0.0.0 Safari/537.36', '2023-11-27 19:55:23', '2023-11-27 19:55:23'),
	(397, 2, 'http://192.168.117.177:8081/ppic/approval_ppic_atasan/1', 'user update data ppic atasan', 'PUT', '192.168.117.177', 'Mozilla/5.0 (Windows NT 10.0; Win64; x64) AppleWebKit/537.36 (KHTML, like Gecko) Chrome/119.0.0.0 Safari/537.36', '2023-11-27 19:56:02', '2023-11-27 19:56:02'),
	(398, 2, 'http://192.168.117.177:8081/ppic/production_plan', 'user store data ppic', 'POST', '192.168.117.177', 'Mozilla/5.0 (Windows NT 10.0; Win64; x64) AppleWebKit/537.36 (KHTML, like Gecko) Chrome/119.0.0.0 Safari/537.36', '2023-11-27 20:04:22', '2023-11-27 20:04:22'),
	(399, 2, 'http://192.168.117.177:8081/ppic/production_plan/1', 'user update data ppic', 'PUT', '192.168.117.177', 'Mozilla/5.0 (Windows NT 10.0; Win64; x64) AppleWebKit/537.36 (KHTML, like Gecko) Chrome/119.0.0.0 Safari/537.36', '2023-11-27 20:04:33', '2023-11-27 20:04:33'),
	(400, 2, 'http://192.168.117.177:8081/ppic/approval_ppic_atasan/1', 'user update data ppic atasan', 'PUT', '192.168.117.177', 'Mozilla/5.0 (Windows NT 10.0; Win64; x64) AppleWebKit/537.36 (KHTML, like Gecko) Chrome/119.0.0.0 Safari/537.36', '2023-11-27 20:05:30', '2023-11-27 20:05:30'),
	(401, 2, 'http://192.168.117.177:8081/admin/permission', 'user store data permission', 'POST', '192.168.117.177', 'Mozilla/5.0 (Windows NT 10.0; Win64; x64) AppleWebKit/537.36 (KHTML, like Gecko) Chrome/120.0.0.0 Safari/537.36', '2023-12-13 20:35:50', '2023-12-13 20:35:50'),
	(402, 2, 'http://192.168.117.177:8081/admin/permission', 'user store data permission', 'POST', '192.168.117.177', 'Mozilla/5.0 (Windows NT 10.0; Win64; x64) AppleWebKit/537.36 (KHTML, like Gecko) Chrome/120.0.0.0 Safari/537.36', '2023-12-13 20:35:59', '2023-12-13 20:35:59'),
	(403, 2, 'http://192.168.117.177:8081/admin/role/2', 'user update data role', 'PUT', '192.168.117.177', 'Mozilla/5.0 (Windows NT 10.0; Win64; x64) AppleWebKit/537.36 (KHTML, like Gecko) Chrome/120.0.0.0 Safari/537.36', '2023-12-13 20:36:28', '2023-12-13 20:36:28'),
	(404, 2, 'http://192.168.117.177:8081/admin/permission', 'user store data permission', 'POST', '192.168.117.177', 'Mozilla/5.0 (Windows NT 10.0; Win64; x64) AppleWebKit/537.36 (KHTML, like Gecko) Chrome/120.0.0.0 Safari/537.36', '2023-12-18 20:30:39', '2023-12-18 20:30:39'),
	(405, 2, 'http://192.168.117.177:8081/admin/role/2', 'user update data role', 'PUT', '192.168.117.177', 'Mozilla/5.0 (Windows NT 10.0; Win64; x64) AppleWebKit/537.36 (KHTML, like Gecko) Chrome/120.0.0.0 Safari/537.36', '2023-12-18 20:30:49', '2023-12-18 20:30:49'),
	(406, 2, 'http://192.168.117.177:8081/admin/permission', 'user store data permission', 'POST', '192.168.117.177', 'Mozilla/5.0 (Windows NT 10.0; Win64; x64) AppleWebKit/537.36 (KHTML, like Gecko) Chrome/120.0.0.0 Safari/537.36', '2023-12-19 20:55:47', '2023-12-19 20:55:47'),
	(407, 2, 'http://192.168.117.177:8081/admin/permission', 'user store data permission', 'POST', '192.168.117.177', 'Mozilla/5.0 (Windows NT 10.0; Win64; x64) AppleWebKit/537.36 (KHTML, like Gecko) Chrome/120.0.0.0 Safari/537.36', '2023-12-19 20:55:53', '2023-12-19 20:55:53'),
	(408, 2, 'http://192.168.117.177:8081/admin/permission', 'user store data permission', 'POST', '192.168.117.177', 'Mozilla/5.0 (Windows NT 10.0; Win64; x64) AppleWebKit/537.36 (KHTML, like Gecko) Chrome/120.0.0.0 Safari/537.36', '2023-12-19 20:55:58', '2023-12-19 20:55:58'),
	(409, 2, 'http://192.168.117.177:8081/admin/role/2', 'user update data role', 'PUT', '192.168.117.177', 'Mozilla/5.0 (Windows NT 10.0; Win64; x64) AppleWebKit/537.36 (KHTML, like Gecko) Chrome/120.0.0.0 Safari/537.36', '2023-12-19 20:56:10', '2023-12-19 20:56:10'),
	(410, 2, 'http://192.168.117.177:8081/admin/permission', 'user store data permission', 'POST', '192.168.117.177', 'Mozilla/5.0 (Windows NT 10.0; Win64; x64) AppleWebKit/537.36 (KHTML, like Gecko) Chrome/120.0.0.0 Safari/537.36', '2024-01-08 01:17:21', '2024-01-08 01:17:21'),
	(411, 2, 'http://192.168.117.177:8081/admin/permission', 'user store data permission', 'POST', '192.168.117.177', 'Mozilla/5.0 (Windows NT 10.0; Win64; x64) AppleWebKit/537.36 (KHTML, like Gecko) Chrome/120.0.0.0 Safari/537.36', '2024-01-08 01:17:26', '2024-01-08 01:17:26'),
	(412, 2, 'http://192.168.117.177:8081/admin/permission', 'user store data permission', 'POST', '192.168.117.177', 'Mozilla/5.0 (Windows NT 10.0; Win64; x64) AppleWebKit/537.36 (KHTML, like Gecko) Chrome/120.0.0.0 Safari/537.36', '2024-01-08 01:17:31', '2024-01-08 01:17:31'),
	(413, 2, 'http://192.168.117.177:8081/admin/permission', 'user store data permission', 'POST', '192.168.117.177', 'Mozilla/5.0 (Windows NT 10.0; Win64; x64) AppleWebKit/537.36 (KHTML, like Gecko) Chrome/120.0.0.0 Safari/537.36', '2024-01-08 01:17:36', '2024-01-08 01:17:36'),
	(414, 2, 'http://192.168.117.177:8081/admin/role/2', 'user update data role', 'PUT', '192.168.117.177', 'Mozilla/5.0 (Windows NT 10.0; Win64; x64) AppleWebKit/537.36 (KHTML, like Gecko) Chrome/120.0.0.0 Safari/537.36', '2024-01-08 01:17:52', '2024-01-08 01:17:52'),
	(415, 2, 'http://192.168.117.177:8081/admin/permission', 'user store data permission', 'POST', '192.168.117.177', 'Mozilla/5.0 (Windows NT 10.0; Win64; x64) AppleWebKit/537.36 (KHTML, like Gecko) Chrome/121.0.0.0 Safari/537.36', '2024-02-16 00:40:12', '2024-02-16 00:40:12'),
	(416, 2, 'http://192.168.117.177:8081/admin/permission', 'user store data permission', 'POST', '192.168.117.177', 'Mozilla/5.0 (Windows NT 10.0; Win64; x64) AppleWebKit/537.36 (KHTML, like Gecko) Chrome/121.0.0.0 Safari/537.36', '2024-02-16 00:40:19', '2024-02-16 00:40:19'),
	(417, 2, 'http://192.168.117.177:8081/admin/permission', 'user store data permission', 'POST', '192.168.117.177', 'Mozilla/5.0 (Windows NT 10.0; Win64; x64) AppleWebKit/537.36 (KHTML, like Gecko) Chrome/121.0.0.0 Safari/537.36', '2024-02-16 00:40:24', '2024-02-16 00:40:24'),
	(418, 2, 'http://192.168.117.177:8081/admin/permission', 'user store data permission', 'POST', '192.168.117.177', 'Mozilla/5.0 (Windows NT 10.0; Win64; x64) AppleWebKit/537.36 (KHTML, like Gecko) Chrome/121.0.0.0 Safari/537.36', '2024-02-16 00:40:30', '2024-02-16 00:40:30'),
	(419, 2, 'http://192.168.117.177:8081/admin/role/2', 'user update data role', 'PUT', '192.168.117.177', 'Mozilla/5.0 (Windows NT 10.0; Win64; x64) AppleWebKit/537.36 (KHTML, like Gecko) Chrome/121.0.0.0 Safari/537.36', '2024-02-16 00:43:14', '2024-02-16 00:43:14'),
	(420, 2, 'http://192.168.117.177:8081/ppic/production_plan', 'user store data ppic', 'POST', '192.168.117.177', 'Mozilla/5.0 (Windows NT 10.0; Win64; x64) AppleWebKit/537.36 (KHTML, like Gecko) Chrome/121.0.0.0 Safari/537.36', '2024-02-16 03:50:26', '2024-02-16 03:50:26'),
	(421, 2, 'http://192.168.117.177:8081/ppic/production_plan/2', 'user update data ppic', 'PUT', '192.168.117.177', 'Mozilla/5.0 (Windows NT 10.0; Win64; x64) AppleWebKit/537.36 (KHTML, like Gecko) Chrome/121.0.0.0 Safari/537.36', '2024-02-18 21:46:50', '2024-02-18 21:46:50'),
	(422, 2, 'http://192.168.117.177:8081/ppic/production_plan', 'user store data ppic', 'POST', '192.168.117.177', 'Mozilla/5.0 (Windows NT 10.0; Win64; x64) AppleWebKit/537.36 (KHTML, like Gecko) Chrome/121.0.0.0 Safari/537.36', '2024-02-19 00:44:16', '2024-02-19 00:44:16'),
	(423, 2, 'http://192.168.117.177:8081/ppic/production_plan/3', 'user update data ppic', 'PUT', '192.168.117.177', 'Mozilla/5.0 (Windows NT 10.0; Win64; x64) AppleWebKit/537.36 (KHTML, like Gecko) Chrome/121.0.0.0 Safari/537.36', '2024-02-19 00:46:15', '2024-02-19 00:46:15'),
	(424, 2, 'http://192.168.117.177:8081/ppic/approval_ppic_atasan/3', 'user update data ppic atasan', 'PUT', '192.168.117.177', 'Mozilla/5.0 (Windows NT 10.0; Win64; x64) AppleWebKit/537.36 (KHTML, like Gecko) Chrome/121.0.0.0 Safari/537.36', '2024-02-19 01:07:39', '2024-02-19 01:07:39'),
	(425, 2, 'http://192.168.117.177:8081/ppic/approval_ppic_atasan/2', 'user update data ppic atasan', 'PUT', '192.168.117.177', 'Mozilla/5.0 (Windows NT 10.0; Win64; x64) AppleWebKit/537.36 (KHTML, like Gecko) Chrome/121.0.0.0 Safari/537.36', '2024-02-19 01:07:46', '2024-02-19 01:07:46'),
	(426, 2, 'http://192.168.117.177:8081/ppic/production_plan', 'user store data ppic', 'POST', '192.168.117.177', 'Mozilla/5.0 (Windows NT 10.0; Win64; x64) AppleWebKit/537.36 (KHTML, like Gecko) Chrome/121.0.0.0 Safari/537.36', '2024-02-19 02:06:03', '2024-02-19 02:06:03'),
	(427, 2, 'http://192.168.117.177:8081/ppic/approval_ppic_atasan/4', 'user update data ppic atasan', 'PUT', '192.168.117.177', 'Mozilla/5.0 (Windows NT 10.0; Win64; x64) AppleWebKit/537.36 (KHTML, like Gecko) Chrome/121.0.0.0 Safari/537.36', '2024-02-19 02:06:22', '2024-02-19 02:06:22'),
	(428, 2, 'http://192.168.117.177:8082/admin/permission', 'user store data permission', 'POST', '192.168.117.177', 'Mozilla/5.0 (Windows NT 10.0; Win64; x64) AppleWebKit/537.36 (KHTML, like Gecko) Chrome/122.0.0.0 Safari/537.36', '2024-03-04 00:04:10', '2024-03-04 00:04:10'),
	(429, 2, 'http://192.168.117.177:8082/admin/permission', 'user store data permission', 'POST', '192.168.117.177', 'Mozilla/5.0 (Windows NT 10.0; Win64; x64) AppleWebKit/537.36 (KHTML, like Gecko) Chrome/122.0.0.0 Safari/537.36', '2024-03-04 00:04:18', '2024-03-04 00:04:18'),
	(430, 2, 'http://192.168.117.177:8082/admin/role/2', 'user update data role', 'PUT', '192.168.117.177', 'Mozilla/5.0 (Windows NT 10.0; Win64; x64) AppleWebKit/537.36 (KHTML, like Gecko) Chrome/122.0.0.0 Safari/537.36', '2024-03-04 00:04:32', '2024-03-04 00:04:32'),
	(431, 2, 'http://192.168.117.177:8081/admin/permission', 'user store data permission', 'POST', '192.168.117.177', 'Mozilla/5.0 (Windows NT 10.0; Win64; x64) AppleWebKit/537.36 (KHTML, like Gecko) Chrome/122.0.0.0 Safari/537.36', '2024-03-07 18:55:05', '2024-03-07 18:55:05'),
	(432, 2, 'http://192.168.117.177:8081/admin/permission/183', 'user update data permission', 'PUT', '192.168.117.177', 'Mozilla/5.0 (Windows NT 10.0; Win64; x64) AppleWebKit/537.36 (KHTML, like Gecko) Chrome/122.0.0.0 Safari/537.36', '2024-03-07 18:55:20', '2024-03-07 18:55:20'),
	(433, 2, 'http://192.168.117.177:8081/admin/permission', 'user store data permission', 'POST', '192.168.117.177', 'Mozilla/5.0 (Windows NT 10.0; Win64; x64) AppleWebKit/537.36 (KHTML, like Gecko) Chrome/122.0.0.0 Safari/537.36', '2024-03-07 18:55:26', '2024-03-07 18:55:26'),
	(434, 2, 'http://192.168.117.177:8081/admin/permission', 'user store data permission', 'POST', '192.168.117.177', 'Mozilla/5.0 (Windows NT 10.0; Win64; x64) AppleWebKit/537.36 (KHTML, like Gecko) Chrome/122.0.0.0 Safari/537.36', '2024-03-07 18:55:31', '2024-03-07 18:55:31'),
	(435, 2, 'http://192.168.117.177:8081/admin/role/2', 'user update data role', 'PUT', '192.168.117.177', 'Mozilla/5.0 (Windows NT 10.0; Win64; x64) AppleWebKit/537.36 (KHTML, like Gecko) Chrome/122.0.0.0 Safari/537.36', '2024-03-07 18:55:50', '2024-03-07 18:55:50'),
	(436, 2, 'http://192.168.117.177:8081/admin/permission', 'user store data permission', 'POST', '192.168.117.177', 'Mozilla/5.0 (Windows NT 10.0; Win64; x64) AppleWebKit/537.36 (KHTML, like Gecko) Chrome/122.0.0.0 Safari/537.36', '2024-03-18 22:08:53', '2024-03-18 22:08:53'),
	(437, 2, 'http://192.168.117.177:8081/admin/permission', 'user store data permission', 'POST', '192.168.117.177', 'Mozilla/5.0 (Windows NT 10.0; Win64; x64) AppleWebKit/537.36 (KHTML, like Gecko) Chrome/122.0.0.0 Safari/537.36', '2024-03-18 22:08:59', '2024-03-18 22:08:59'),
	(438, 2, 'http://192.168.117.177:8081/admin/permission', 'user store data permission', 'POST', '192.168.117.177', 'Mozilla/5.0 (Windows NT 10.0; Win64; x64) AppleWebKit/537.36 (KHTML, like Gecko) Chrome/122.0.0.0 Safari/537.36', '2024-03-18 22:09:03', '2024-03-18 22:09:03'),
	(439, 2, 'http://192.168.117.177:8081/admin/role/2', 'user update data role', 'PUT', '192.168.117.177', 'Mozilla/5.0 (Windows NT 10.0; Win64; x64) AppleWebKit/537.36 (KHTML, like Gecko) Chrome/122.0.0.0 Safari/537.36', '2024-03-19 21:53:16', '2024-03-19 21:53:16'),
	(440, 2, 'http://192.168.117.177:8081/admin/permission', 'user store data permission', 'POST', '192.168.117.177', 'Mozilla/5.0 (Windows NT 10.0; Win64; x64) AppleWebKit/537.36 (KHTML, like Gecko) Chrome/122.0.0.0 Safari/537.36', '2024-03-19 21:53:32', '2024-03-19 21:53:32'),
	(441, 2, 'http://192.168.117.177:8081/admin/role/2', 'user update data role', 'PUT', '192.168.117.177', 'Mozilla/5.0 (Windows NT 10.0; Win64; x64) AppleWebKit/537.36 (KHTML, like Gecko) Chrome/122.0.0.0 Safari/537.36', '2024-03-19 21:53:46', '2024-03-19 21:53:46'),
	(442, 4, 'http://192.168.117.177:8081/admin/user', 'user store data user account', 'POST', '192.168.117.177', 'Mozilla/5.0 (Windows NT 10.0; Win64; x64) AppleWebKit/537.36 (KHTML, like Gecko) Chrome/122.0.0.0 Safari/537.36', '2024-03-20 00:02:31', '2024-03-20 00:02:31'),
	(443, 2, 'http://192.168.117.177:8081/admin/role', 'user store data role', 'POST', '192.168.117.177', 'Mozilla/5.0 (Windows NT 10.0; Win64; x64) AppleWebKit/537.36 (KHTML, like Gecko) Chrome/122.0.0.0 Safari/537.36', '2024-03-20 00:55:43', '2024-03-20 00:55:43'),
	(444, 2, 'http://192.168.117.177:8081/admin/user/7', 'user update data user account', 'PUT', '192.168.117.177', 'Mozilla/5.0 (Windows NT 10.0; Win64; x64) AppleWebKit/537.36 (KHTML, like Gecko) Chrome/122.0.0.0 Safari/537.36', '2024-03-20 00:56:23', '2024-03-20 00:56:23'),
	(445, 2, 'http://192.168.117.177:8081/admin/user/7', 'user update data user account', 'PUT', '192.168.117.177', 'Mozilla/5.0 (Windows NT 10.0; Win64; x64) AppleWebKit/537.36 (KHTML, like Gecko) Chrome/122.0.0.0 Safari/537.36', '2024-03-20 01:35:05', '2024-03-20 01:35:05'),
	(446, 2, 'http://192.168.117.177:8081/admin/user/7', 'user update data user account', 'PUT', '192.168.117.177', 'Mozilla/5.0 (Windows NT 10.0; Win64; x64) AppleWebKit/537.36 (KHTML, like Gecko) Chrome/122.0.0.0 Safari/537.36', '2024-03-20 21:31:19', '2024-03-20 21:31:19'),
	(447, 2, 'http://192.168.117.177:8081/admin/permission', 'user store data permission', 'POST', '192.168.117.177', 'Mozilla/5.0 (Windows NT 10.0; Win64; x64) AppleWebKit/537.36 (KHTML, like Gecko) Chrome/122.0.0.0 Safari/537.36', '2024-03-20 21:52:29', '2024-03-20 21:52:29'),
	(448, 2, 'http://192.168.117.177:8081/admin/permission', 'user store data permission', 'POST', '192.168.117.177', 'Mozilla/5.0 (Windows NT 10.0; Win64; x64) AppleWebKit/537.36 (KHTML, like Gecko) Chrome/122.0.0.0 Safari/537.36', '2024-03-20 21:52:34', '2024-03-20 21:52:34'),
	(449, 2, 'http://192.168.117.177:8081/admin/permission', 'user store data permission', 'POST', '192.168.117.177', 'Mozilla/5.0 (Windows NT 10.0; Win64; x64) AppleWebKit/537.36 (KHTML, like Gecko) Chrome/122.0.0.0 Safari/537.36', '2024-03-20 21:52:40', '2024-03-20 21:52:40'),
	(450, 2, 'http://192.168.117.177:8081/admin/permission', 'user store data permission', 'POST', '192.168.117.177', 'Mozilla/5.0 (Windows NT 10.0; Win64; x64) AppleWebKit/537.36 (KHTML, like Gecko) Chrome/122.0.0.0 Safari/537.36', '2024-03-20 21:52:45', '2024-03-20 21:52:45'),
	(451, 2, 'http://192.168.117.177:8081/admin/role/2', 'user update data role', 'PUT', '192.168.117.177', 'Mozilla/5.0 (Windows NT 10.0; Win64; x64) AppleWebKit/537.36 (KHTML, like Gecko) Chrome/122.0.0.0 Safari/537.36', '2024-03-20 21:53:01', '2024-03-20 21:53:01'),
	(452, 2, 'http://192.168.117.177:8081/admin/user', 'user store data user account', 'POST', '192.168.117.177', 'Mozilla/5.0 (Windows NT 10.0; Win64; x64) AppleWebKit/537.36 (KHTML, like Gecko) Chrome/122.0.0.0 Safari/537.36', '2024-03-24 20:58:24', '2024-03-24 20:58:24'),
	(453, 2, 'http://192.168.117.177:8081/admin/user', 'user store data user account', 'POST', '192.168.117.177', 'Mozilla/5.0 (Windows NT 10.0; Win64; x64) AppleWebKit/537.36 (KHTML, like Gecko) Chrome/122.0.0.0 Safari/537.36', '2024-03-24 21:00:39', '2024-03-24 21:00:39'),
	(454, 2, 'http://192.168.117.177:8081/admin/user', 'user store data user account', 'POST', '192.168.117.177', 'Mozilla/5.0 (Windows NT 10.0; Win64; x64) AppleWebKit/537.36 (KHTML, like Gecko) Chrome/122.0.0.0 Safari/537.36', '2024-03-24 21:01:24', '2024-03-24 21:01:24'),
	(455, 2, 'http://192.168.117.177:8081/admin/user', 'user store data user account', 'POST', '192.168.117.177', 'Mozilla/5.0 (Windows NT 10.0; Win64; x64) AppleWebKit/537.36 (KHTML, like Gecko) Chrome/122.0.0.0 Safari/537.36', '2024-03-24 21:03:02', '2024-03-24 21:03:02'),
	(456, 2, 'http://192.168.117.177:8081/admin/user', 'user store data user account', 'POST', '192.168.117.177', 'Mozilla/5.0 (Windows NT 10.0; Win64; x64) AppleWebKit/537.36 (KHTML, like Gecko) Chrome/122.0.0.0 Safari/537.36', '2024-03-25 18:39:24', '2024-03-25 18:39:24'),
	(457, 2, 'http://192.168.117.177:8081/admin/user/12', 'user delete data user account', 'DELETE', '192.168.117.177', 'Mozilla/5.0 (Windows NT 10.0; Win64; x64) AppleWebKit/537.36 (KHTML, like Gecko) Chrome/122.0.0.0 Safari/537.36', '2024-03-25 18:40:22', '2024-03-25 18:40:22'),
	(458, 2, 'http://192.168.117.177:8081/admin/user/14', 'user update data user account', 'PUT', '192.168.117.177', 'Mozilla/5.0 (Windows NT 10.0; Win64; x64) AppleWebKit/537.36 (KHTML, like Gecko) Chrome/122.0.0.0 Safari/537.36', '2024-03-25 18:45:04', '2024-03-25 18:45:04'),
	(459, 2, 'http://192.168.117.177:8081/admin/user/14', 'user update data user account', 'PUT', '192.168.117.177', 'Mozilla/5.0 (Windows NT 10.0; Win64; x64) AppleWebKit/537.36 (KHTML, like Gecko) Chrome/122.0.0.0 Safari/537.36', '2024-03-25 18:45:09', '2024-03-25 18:45:09'),
	(460, 2, 'http://192.168.117.177:8081/admin/user/2', 'user update data user account', 'PUT', '192.168.117.177', 'Mozilla/5.0 (Windows NT 10.0; Win64; x64) AppleWebKit/537.36 (KHTML, like Gecko) Chrome/122.0.0.0 Safari/537.36', '2024-03-25 18:46:52', '2024-03-25 18:46:52'),
	(461, 2, 'http://192.168.117.177:8081/admin/role/6', 'user update data role', 'PUT', '192.168.117.177', 'Mozilla/5.0 (Windows NT 10.0; Win64; x64) AppleWebKit/537.36 (KHTML, like Gecko) Chrome/122.0.0.0 Safari/537.36', '2024-03-25 18:47:17', '2024-03-25 18:47:17'),
	(462, 2, 'http://192.168.117.177:8081/admin/user/14', 'user update data user account', 'PUT', '192.168.117.177', 'Mozilla/5.0 (Windows NT 10.0; Win64; x64) AppleWebKit/537.36 (KHTML, like Gecko) Chrome/122.0.0.0 Safari/537.36', '2024-03-25 19:00:16', '2024-03-25 19:00:16'),
	(463, 2, 'http://192.168.117.177:8081/admin/user/14', 'user update data user account', 'PUT', '192.168.117.177', 'Mozilla/5.0 (Windows NT 10.0; Win64; x64) AppleWebKit/537.36 (KHTML, like Gecko) Chrome/122.0.0.0 Safari/537.36', '2024-03-25 19:02:40', '2024-03-25 19:02:40'),
	(464, 2, 'http://192.168.117.177:8081/admin/edit-account-info', 'user change data info user account', 'POST', '192.168.117.177', 'Mozilla/5.0 (Windows NT 10.0; Win64; x64) AppleWebKit/537.36 (KHTML, like Gecko) Chrome/122.0.0.0 Safari/537.36', '2024-03-25 19:18:20', '2024-03-25 19:18:20'),
	(465, 2, 'http://192.168.117.177:8081/admin/edit-account-info', 'user change data info user account', 'POST', '192.168.117.177', 'Mozilla/5.0 (Windows NT 10.0; Win64; x64) AppleWebKit/537.36 (KHTML, like Gecko) Chrome/122.0.0.0 Safari/537.36', '2024-03-25 19:19:09', '2024-03-25 19:19:09'),
	(466, 2, 'http://192.168.117.177:8081/admin/edit-account-info', 'user change data info user account', 'POST', '192.168.117.177', 'Mozilla/5.0 (Windows NT 10.0; Win64; x64) AppleWebKit/537.36 (KHTML, like Gecko) Chrome/122.0.0.0 Safari/537.36', '2024-03-25 19:21:14', '2024-03-25 19:21:14'),
	(467, 2, 'http://192.168.117.177:8081/admin/edit-account-info', 'user change data info user account', 'POST', '192.168.117.177', 'Mozilla/5.0 (Windows NT 10.0; Win64; x64) AppleWebKit/537.36 (KHTML, like Gecko) Chrome/122.0.0.0 Safari/537.36', '2024-03-25 19:21:21', '2024-03-25 19:21:21'),
	(468, 2, 'http://192.168.117.177:8081/admin/edit-account-info', 'user change data info user account', 'POST', '192.168.117.177', 'Mozilla/5.0 (Windows NT 10.0; Win64; x64) AppleWebKit/537.36 (KHTML, like Gecko) Chrome/122.0.0.0 Safari/537.36', '2024-03-25 19:21:43', '2024-03-25 19:21:43'),
	(469, 2, 'http://192.168.117.177:8081/admin/edit-account-info', 'user change data info user account', 'POST', '192.168.117.177', 'Mozilla/5.0 (Windows NT 10.0; Win64; x64) AppleWebKit/537.36 (KHTML, like Gecko) Chrome/122.0.0.0 Safari/537.36', '2024-03-25 19:21:50', '2024-03-25 19:21:50'),
	(470, 2, 'http://192.168.117.177:8081/admin/edit-account-info', 'user change data info user account', 'POST', '192.168.117.177', 'Mozilla/5.0 (Windows NT 10.0; Win64; x64) AppleWebKit/537.36 (KHTML, like Gecko) Chrome/122.0.0.0 Safari/537.36', '2024-03-25 19:21:55', '2024-03-25 19:21:55'),
	(471, 6, 'http://192.168.117.177:8081/admin/role/6', 'user update data role', 'PUT', '192.168.117.177', 'Mozilla/5.0 (Windows NT 10.0; Win64; x64) AppleWebKit/537.36 (KHTML, like Gecko) Chrome/122.0.0.0 Safari/537.36', '2024-03-27 21:22:25', '2024-03-27 21:22:25'),
	(472, 6, 'http://192.168.117.177:8081/admin/role', 'user store data role', 'POST', '192.168.117.177', 'Mozilla/5.0 (Windows NT 10.0; Win64; x64) AppleWebKit/537.36 (KHTML, like Gecko) Chrome/122.0.0.0 Safari/537.36', '2024-03-27 21:22:35', '2024-03-27 21:22:35'),
	(473, 6, 'http://192.168.117.177:8081/admin/role/7', 'user update data role', 'PUT', '192.168.117.177', 'Mozilla/5.0 (Windows NT 10.0; Win64; x64) AppleWebKit/537.36 (KHTML, like Gecko) Chrome/122.0.0.0 Safari/537.36', '2024-03-27 21:23:02', '2024-03-27 21:23:02'),
	(474, 6, 'http://192.168.117.177:8081/admin/user/4', 'user update data user account', 'PUT', '192.168.117.177', 'Mozilla/5.0 (Windows NT 10.0; Win64; x64) AppleWebKit/537.36 (KHTML, like Gecko) Chrome/122.0.0.0 Safari/537.36', '2024-03-27 21:23:19', '2024-03-27 21:23:19'),
	(475, 6, 'http://192.168.117.177:8081/admin/user/8', 'user update data user account', 'PUT', '192.168.117.177', 'Mozilla/5.0 (Windows NT 10.0; Win64; x64) AppleWebKit/537.36 (KHTML, like Gecko) Chrome/122.0.0.0 Safari/537.36', '2024-03-27 21:23:42', '2024-03-27 21:23:42'),
	(476, 2, 'http://192.168.103.74:8081/admin/user', 'user store data user account', 'POST', '192.168.103.74', 'Mozilla/5.0 (Windows NT 10.0; Win64; x64) AppleWebKit/537.36 (KHTML, like Gecko) Chrome/125.0.0.0 Safari/537.36', '2024-05-26 21:07:08', '2024-05-26 21:07:08'),
	(477, 2, 'http://192.168.103.74:8081/admin/permission', 'user store data permission', 'POST', '192.168.103.74', 'Mozilla/5.0 (Windows NT 10.0; Win64; x64) AppleWebKit/537.36 (KHTML, like Gecko) Chrome/125.0.0.0 Safari/537.36', '2024-06-09 18:57:54', '2024-06-09 18:57:54'),
	(478, 2, 'http://192.168.103.74:8081/admin/permission', 'user store data permission', 'POST', '192.168.103.74', 'Mozilla/5.0 (Windows NT 10.0; Win64; x64) AppleWebKit/537.36 (KHTML, like Gecko) Chrome/125.0.0.0 Safari/537.36', '2024-06-09 18:58:00', '2024-06-09 18:58:00'),
	(479, 2, 'http://192.168.103.74:8081/admin/permission', 'user store data permission', 'POST', '192.168.103.74', 'Mozilla/5.0 (Windows NT 10.0; Win64; x64) AppleWebKit/537.36 (KHTML, like Gecko) Chrome/125.0.0.0 Safari/537.36', '2024-06-09 18:58:06', '2024-06-09 18:58:06'),
	(480, 2, 'http://192.168.103.74:8081/admin/permission', 'user store data permission', 'POST', '192.168.103.74', 'Mozilla/5.0 (Windows NT 10.0; Win64; x64) AppleWebKit/537.36 (KHTML, like Gecko) Chrome/125.0.0.0 Safari/537.36', '2024-06-09 18:58:12', '2024-06-09 18:58:12'),
	(481, 2, 'http://192.168.103.74:8081/admin/role/2', 'user update data role', 'PUT', '192.168.103.74', 'Mozilla/5.0 (Windows NT 10.0; Win64; x64) AppleWebKit/537.36 (KHTML, like Gecko) Chrome/125.0.0.0 Safari/537.36', '2024-06-09 18:58:23', '2024-06-09 18:58:23'),
	(482, 2, 'http://192.168.103.74:8081/admin/user/4', 'user update data user account', 'PUT', '192.168.103.74', 'Mozilla/5.0 (Windows NT 10.0; Win64; x64) AppleWebKit/537.36 (KHTML, like Gecko) Chrome/125.0.0.0 Safari/537.36', '2024-06-11 21:24:26', '2024-06-11 21:24:26'),
	(483, 2, 'http://192.168.103.74:8081/admin/permission', 'user store data permission', 'POST', '192.168.103.74', 'Mozilla/5.0 (Windows NT 10.0; Win64; x64) AppleWebKit/537.36 (KHTML, like Gecko) Chrome/125.0.0.0 Safari/537.36', '2024-06-12 19:56:29', '2024-06-12 19:56:29'),
	(484, 2, 'http://192.168.103.74:8081/admin/permission', 'user store data permission', 'POST', '192.168.103.74', 'Mozilla/5.0 (Windows NT 10.0; Win64; x64) AppleWebKit/537.36 (KHTML, like Gecko) Chrome/125.0.0.0 Safari/537.36', '2024-06-12 19:56:33', '2024-06-12 19:56:33'),
	(485, 2, 'http://192.168.103.74:8081/admin/permission', 'user store data permission', 'POST', '192.168.103.74', 'Mozilla/5.0 (Windows NT 10.0; Win64; x64) AppleWebKit/537.36 (KHTML, like Gecko) Chrome/125.0.0.0 Safari/537.36', '2024-06-12 19:56:39', '2024-06-12 19:56:39'),
	(486, 2, 'http://192.168.103.74:8081/admin/permission', 'user store data permission', 'POST', '192.168.103.74', 'Mozilla/5.0 (Windows NT 10.0; Win64; x64) AppleWebKit/537.36 (KHTML, like Gecko) Chrome/125.0.0.0 Safari/537.36', '2024-06-12 19:56:45', '2024-06-12 19:56:45'),
	(487, 2, 'http://192.168.103.74:8081/admin/role/2', 'user update data role', 'PUT', '192.168.103.74', 'Mozilla/5.0 (Windows NT 10.0; Win64; x64) AppleWebKit/537.36 (KHTML, like Gecko) Chrome/125.0.0.0 Safari/537.36', '2024-06-12 19:57:07', '2024-06-12 19:57:07'),
	(488, 2, 'http://192.168.103.74:8081/admin/role/2', 'user update data role', 'PUT', '192.168.103.74', 'Mozilla/5.0 (Windows NT 10.0; Win64; x64) AppleWebKit/537.36 (KHTML, like Gecko) Chrome/126.0.0.0 Safari/537.36', '2024-06-18 21:35:32', '2024-06-18 21:35:32'),
	(489, 2, 'http://192.173.10.94:8081/admin/user', 'user store data user account', 'POST', '192.173.10.94', 'Mozilla/5.0 (Windows NT 10.0; Win64; x64) AppleWebKit/537.36 (KHTML, like Gecko) Chrome/126.0.0.0 Safari/537.36', '2024-06-20 20:22:41', '2024-06-20 20:22:41'),
	(490, 2, 'http://192.173.10.94:8081/admin/user', 'user store data user account', 'POST', '192.173.10.94', 'Mozilla/5.0 (Windows NT 10.0; Win64; x64) AppleWebKit/537.36 (KHTML, like Gecko) Chrome/126.0.0.0 Safari/537.36', '2024-06-20 20:24:41', '2024-06-20 20:24:41'),
	(491, 2, 'http://192.168.117.223:8081/admin/permission', 'user store data permission', 'POST', '192.168.117.223', 'Mozilla/5.0 (Windows NT 10.0; Win64; x64) AppleWebKit/537.36 (KHTML, like Gecko) Chrome/126.0.0.0 Safari/537.36', '2024-07-01 18:46:34', '2024-07-01 18:46:34'),
	(492, 2, 'http://192.168.117.223:8081/admin/permission', 'user store data permission', 'POST', '192.168.117.223', 'Mozilla/5.0 (Windows NT 10.0; Win64; x64) AppleWebKit/537.36 (KHTML, like Gecko) Chrome/126.0.0.0 Safari/537.36', '2024-07-01 18:46:40', '2024-07-01 18:46:40'),
	(493, 2, 'http://192.168.117.223:8081/admin/permission', 'user store data permission', 'POST', '192.168.117.223', 'Mozilla/5.0 (Windows NT 10.0; Win64; x64) AppleWebKit/537.36 (KHTML, like Gecko) Chrome/126.0.0.0 Safari/537.36', '2024-07-01 18:46:45', '2024-07-01 18:46:45'),
	(494, 2, 'http://192.168.117.223:8081/admin/permission', 'user store data permission', 'POST', '192.168.117.223', 'Mozilla/5.0 (Windows NT 10.0; Win64; x64) AppleWebKit/537.36 (KHTML, like Gecko) Chrome/126.0.0.0 Safari/537.36', '2024-07-01 18:46:50', '2024-07-01 18:46:50'),
	(495, 2, 'http://192.168.117.223:8081/admin/role/2', 'user update data role', 'PUT', '192.168.117.223', 'Mozilla/5.0 (Windows NT 10.0; Win64; x64) AppleWebKit/537.36 (KHTML, like Gecko) Chrome/126.0.0.0 Safari/537.36', '2024-07-01 18:47:11', '2024-07-01 18:47:11'),
	(496, 2, 'http://192.168.1.18:8081/admin/permission', 'user store data permission', 'POST', '192.168.1.18', 'Mozilla/5.0 (Windows NT 10.0; Win64; x64) AppleWebKit/537.36 (KHTML, like Gecko) Chrome/126.0.0.0 Safari/537.36', '2024-07-08 11:22:33', '2024-07-08 11:22:33'),
	(497, 2, 'http://192.168.1.18:8081/admin/permission', 'user store data permission', 'POST', '192.168.1.18', 'Mozilla/5.0 (Windows NT 10.0; Win64; x64) AppleWebKit/537.36 (KHTML, like Gecko) Chrome/126.0.0.0 Safari/537.36', '2024-07-08 11:22:41', '2024-07-08 11:22:41'),
	(498, 2, 'http://192.168.1.18:8081/admin/permission', 'user store data permission', 'POST', '192.168.1.18', 'Mozilla/5.0 (Windows NT 10.0; Win64; x64) AppleWebKit/537.36 (KHTML, like Gecko) Chrome/126.0.0.0 Safari/537.36', '2024-07-08 11:23:10', '2024-07-08 11:23:10'),
	(499, 2, 'http://192.168.1.18:8081/admin/permission', 'user store data permission', 'POST', '192.168.1.18', 'Mozilla/5.0 (Windows NT 10.0; Win64; x64) AppleWebKit/537.36 (KHTML, like Gecko) Chrome/126.0.0.0 Safari/537.36', '2024-07-08 11:23:20', '2024-07-08 11:23:20'),
	(500, 2, 'http://192.168.1.18:8081/admin/permission', 'user store data permission', 'POST', '192.168.1.18', 'Mozilla/5.0 (Windows NT 10.0; Win64; x64) AppleWebKit/537.36 (KHTML, like Gecko) Chrome/126.0.0.0 Safari/537.36', '2024-07-08 11:23:51', '2024-07-08 11:23:51'),
	(501, 2, 'http://192.168.1.18:8081/admin/permission', 'user store data permission', 'POST', '192.168.1.18', 'Mozilla/5.0 (Windows NT 10.0; Win64; x64) AppleWebKit/537.36 (KHTML, like Gecko) Chrome/126.0.0.0 Safari/537.36', '2024-07-08 11:24:02', '2024-07-08 11:24:02'),
	(502, 2, 'http://192.168.1.18:8081/admin/permission', 'user store data permission', 'POST', '192.168.1.18', 'Mozilla/5.0 (Windows NT 10.0; Win64; x64) AppleWebKit/537.36 (KHTML, like Gecko) Chrome/126.0.0.0 Safari/537.36', '2024-07-08 11:24:10', '2024-07-08 11:24:10'),
	(503, 2, 'http://192.168.1.18:8081/admin/permission', 'user store data permission', 'POST', '192.168.1.18', 'Mozilla/5.0 (Windows NT 10.0; Win64; x64) AppleWebKit/537.36 (KHTML, like Gecko) Chrome/126.0.0.0 Safari/537.36', '2024-07-08 11:24:16', '2024-07-08 11:24:16'),
	(504, 2, 'http://192.168.1.18:8081/admin/role/2', 'user update data role', 'PUT', '192.168.1.18', 'Mozilla/5.0 (Windows NT 10.0; Win64; x64) AppleWebKit/537.36 (KHTML, like Gecko) Chrome/126.0.0.0 Safari/537.36', '2024-07-08 11:25:11', '2024-07-08 11:25:11'),
	(505, 2, 'http://192.168.117.181:8081/ga_sheet/pic/8', 'user delete data pic', 'DELETE', '192.168.117.181', 'Mozilla/5.0 (Windows NT 10.0; Win64; x64) AppleWebKit/537.36 (KHTML, like Gecko) Chrome/126.0.0.0 Safari/537.36 Edg/126.0.0.0', '2024-07-10 22:53:11', '2024-07-10 22:53:11'),
	(506, 2, 'http://192.168.117.181:8081/ga_sheet/pic/13', 'user delete data pic', 'DELETE', '192.168.117.181', 'Mozilla/5.0 (Windows NT 10.0; Win64; x64) AppleWebKit/537.36 (KHTML, like Gecko) Chrome/126.0.0.0 Safari/537.36 Edg/126.0.0.0', '2024-07-10 22:53:41', '2024-07-10 22:53:41'),
	(507, 2, 'http://192.168.117.181:8081/ga_sheet/pic/9', 'user delete data pic', 'DELETE', '192.168.117.181', 'Mozilla/5.0 (Windows NT 10.0; Win64; x64) AppleWebKit/537.36 (KHTML, like Gecko) Chrome/126.0.0.0 Safari/537.36 Edg/126.0.0.0', '2024-07-11 00:26:01', '2024-07-11 00:26:01'),
	(508, 2, 'http://192.168.117.181:8081/ga_sheet/pic/10', 'user delete data pic', 'DELETE', '192.168.117.181', 'Mozilla/5.0 (Windows NT 10.0; Win64; x64) AppleWebKit/537.36 (KHTML, like Gecko) Chrome/126.0.0.0 Safari/537.36 Edg/126.0.0.0', '2024-07-11 00:29:04', '2024-07-11 00:29:04'),
	(509, 2, 'http://192.168.117.181:8081/ga_sheet/pic/11', 'user delete data pic', 'DELETE', '192.168.117.181', 'Mozilla/5.0 (Windows NT 10.0; Win64; x64) AppleWebKit/537.36 (KHTML, like Gecko) Chrome/126.0.0.0 Safari/537.36 Edg/126.0.0.0', '2024-07-11 00:29:21', '2024-07-11 00:29:21'),
	(510, 2, 'http://192.168.117.181:8081/ga_sheet/pic/12', 'user delete data pic', 'DELETE', '192.168.117.181', 'Mozilla/5.0 (Windows NT 10.0; Win64; x64) AppleWebKit/537.36 (KHTML, like Gecko) Chrome/126.0.0.0 Safari/537.36 Edg/126.0.0.0', '2024-07-11 00:29:35', '2024-07-11 00:29:35'),
	(511, 2, 'http://192.168.117.181:8081/ga_sheet/pic/6', 'user delete data pic', 'DELETE', '192.168.117.181', 'Mozilla/5.0 (Windows NT 10.0; Win64; x64) AppleWebKit/537.36 (KHTML, like Gecko) Chrome/126.0.0.0 Safari/537.36', '2024-07-11 23:52:56', '2024-07-11 23:52:56'),
	(512, 2, 'http://192.168.117.90:8081/admin/permission', 'user store data permission', 'POST', '192.168.117.90', 'Mozilla/5.0 (Windows NT 10.0; Win64; x64) AppleWebKit/537.36 (KHTML, like Gecko) Chrome/126.0.0.0 Safari/537.36', '2024-07-15 00:50:28', '2024-07-15 00:50:28'),
	(513, 2, 'http://192.168.117.90:8081/admin/permission', 'user store data permission', 'POST', '192.168.117.90', 'Mozilla/5.0 (Windows NT 10.0; Win64; x64) AppleWebKit/537.36 (KHTML, like Gecko) Chrome/126.0.0.0 Safari/537.36', '2024-07-15 00:50:48', '2024-07-15 00:50:48'),
	(514, 2, 'http://192.168.117.90:8081/admin/permission', 'user store data permission', 'POST', '192.168.117.90', 'Mozilla/5.0 (Windows NT 10.0; Win64; x64) AppleWebKit/537.36 (KHTML, like Gecko) Chrome/126.0.0.0 Safari/537.36', '2024-07-15 00:50:58', '2024-07-15 00:50:58'),
	(515, 2, 'http://192.168.117.90:8081/admin/permission', 'user store data permission', 'POST', '192.168.117.90', 'Mozilla/5.0 (Windows NT 10.0; Win64; x64) AppleWebKit/537.36 (KHTML, like Gecko) Chrome/126.0.0.0 Safari/537.36', '2024-07-15 00:51:17', '2024-07-15 00:51:17'),
	(516, 2, 'http://192.168.117.90:8081/admin/role/2', 'user update data role', 'PUT', '192.168.117.90', 'Mozilla/5.0 (Windows NT 10.0; Win64; x64) AppleWebKit/537.36 (KHTML, like Gecko) Chrome/126.0.0.0 Safari/537.36', '2024-07-15 00:52:55', '2024-07-15 00:52:55'),
	(517, 2, 'http://192.168.117.90:8081/admin/permission', 'user store data permission', 'POST', '192.168.117.90', 'Mozilla/5.0 (Windows NT 10.0; Win64; x64) AppleWebKit/537.36 (KHTML, like Gecko) Chrome/126.0.0.0 Safari/537.36', '2024-07-15 01:38:01', '2024-07-15 01:38:01'),
	(518, 2, 'http://192.168.117.90:8081/admin/permission', 'user store data permission', 'POST', '192.168.117.90', 'Mozilla/5.0 (Windows NT 10.0; Win64; x64) AppleWebKit/537.36 (KHTML, like Gecko) Chrome/126.0.0.0 Safari/537.36', '2024-07-15 01:38:10', '2024-07-15 01:38:10'),
	(519, 2, 'http://192.168.117.90:8081/admin/permission', 'user store data permission', 'POST', '192.168.117.90', 'Mozilla/5.0 (Windows NT 10.0; Win64; x64) AppleWebKit/537.36 (KHTML, like Gecko) Chrome/126.0.0.0 Safari/537.36', '2024-07-15 01:38:18', '2024-07-15 01:38:18'),
	(520, 2, 'http://192.168.117.90:8081/admin/permission', 'user store data permission', 'POST', '192.168.117.90', 'Mozilla/5.0 (Windows NT 10.0; Win64; x64) AppleWebKit/537.36 (KHTML, like Gecko) Chrome/126.0.0.0 Safari/537.36', '2024-07-15 01:38:25', '2024-07-15 01:38:25'),
	(521, 2, 'http://192.168.117.90:8081/admin/role/2', 'user update data role', 'PUT', '192.168.117.90', 'Mozilla/5.0 (Windows NT 10.0; Win64; x64) AppleWebKit/537.36 (KHTML, like Gecko) Chrome/126.0.0.0 Safari/537.36', '2024-07-15 01:39:03', '2024-07-15 01:39:03'),
	(522, 2, 'http://192.168.117.90:8081/admin/permission', 'user store data permission', 'POST', '192.168.117.90', 'Mozilla/5.0 (Windows NT 10.0; Win64; x64) AppleWebKit/537.36 (KHTML, like Gecko) Chrome/126.0.0.0 Safari/537.36', '2024-07-15 02:12:44', '2024-07-15 02:12:44'),
	(523, 2, 'http://192.168.117.90:8081/admin/permission', 'user store data permission', 'POST', '192.168.117.90', 'Mozilla/5.0 (Windows NT 10.0; Win64; x64) AppleWebKit/537.36 (KHTML, like Gecko) Chrome/126.0.0.0 Safari/537.36', '2024-07-15 02:13:00', '2024-07-15 02:13:00'),
	(524, 2, 'http://192.168.117.90:8081/admin/permission', 'user store data permission', 'POST', '192.168.117.90', 'Mozilla/5.0 (Windows NT 10.0; Win64; x64) AppleWebKit/537.36 (KHTML, like Gecko) Chrome/126.0.0.0 Safari/537.36', '2024-07-15 02:13:09', '2024-07-15 02:13:09'),
	(525, 2, 'http://192.168.117.90:8081/admin/permission', 'user store data permission', 'POST', '192.168.117.90', 'Mozilla/5.0 (Windows NT 10.0; Win64; x64) AppleWebKit/537.36 (KHTML, like Gecko) Chrome/126.0.0.0 Safari/537.36', '2024-07-15 02:13:17', '2024-07-15 02:13:17'),
	(526, 2, 'http://192.168.117.90:8081/admin/permission', 'user store data permission', 'POST', '192.168.117.90', 'Mozilla/5.0 (Windows NT 10.0; Win64; x64) AppleWebKit/537.36 (KHTML, like Gecko) Chrome/126.0.0.0 Safari/537.36', '2024-07-15 02:13:48', '2024-07-15 02:13:48'),
	(527, 2, 'http://192.168.117.90:8081/admin/permission', 'user store data permission', 'POST', '192.168.117.90', 'Mozilla/5.0 (Windows NT 10.0; Win64; x64) AppleWebKit/537.36 (KHTML, like Gecko) Chrome/126.0.0.0 Safari/537.36', '2024-07-15 02:13:58', '2024-07-15 02:13:58'),
	(528, 2, 'http://192.168.117.90:8081/admin/permission', 'user store data permission', 'POST', '192.168.117.90', 'Mozilla/5.0 (Windows NT 10.0; Win64; x64) AppleWebKit/537.36 (KHTML, like Gecko) Chrome/126.0.0.0 Safari/537.36', '2024-07-15 02:14:09', '2024-07-15 02:14:09'),
	(529, 2, 'http://192.168.117.90:8081/admin/permission', 'user store data permission', 'POST', '192.168.117.90', 'Mozilla/5.0 (Windows NT 10.0; Win64; x64) AppleWebKit/537.36 (KHTML, like Gecko) Chrome/126.0.0.0 Safari/537.36', '2024-07-15 02:14:20', '2024-07-15 02:14:20'),
	(530, 2, 'http://192.168.117.90:8081/admin/role/2', 'user update data role', 'PUT', '192.168.117.90', 'Mozilla/5.0 (Windows NT 10.0; Win64; x64) AppleWebKit/537.36 (KHTML, like Gecko) Chrome/126.0.0.0 Safari/537.36', '2024-07-15 02:14:59', '2024-07-15 02:14:59'),
	(531, 2, 'http://192.168.117.55:8081/admin/permission', 'user store data permission', 'POST', '192.168.117.55', 'Mozilla/5.0 (Linux; Android 6.0; Nexus 5 Build/MRA58N) AppleWebKit/537.36 (KHTML, like Gecko) Chrome/126.0.0.0 Mobile Safari/537.36', '2024-07-16 19:00:18', '2024-07-16 19:00:18'),
	(532, 2, 'http://192.168.117.55:8081/admin/permission', 'user store data permission', 'POST', '192.168.117.55', 'Mozilla/5.0 (Linux; Android 6.0; Nexus 5 Build/MRA58N) AppleWebKit/537.36 (KHTML, like Gecko) Chrome/126.0.0.0 Mobile Safari/537.36', '2024-07-16 19:00:29', '2024-07-16 19:00:29'),
	(533, 2, 'http://192.168.117.55:8081/admin/permission', 'user store data permission', 'POST', '192.168.117.55', 'Mozilla/5.0 (Linux; Android 6.0; Nexus 5 Build/MRA58N) AppleWebKit/537.36 (KHTML, like Gecko) Chrome/126.0.0.0 Mobile Safari/537.36', '2024-07-16 19:00:35', '2024-07-16 19:00:35'),
	(534, 2, 'http://192.168.117.55:8081/admin/permission', 'user store data permission', 'POST', '192.168.117.55', 'Mozilla/5.0 (Linux; Android 6.0; Nexus 5 Build/MRA58N) AppleWebKit/537.36 (KHTML, like Gecko) Chrome/126.0.0.0 Mobile Safari/537.36', '2024-07-16 19:00:43', '2024-07-16 19:00:43'),
	(535, 2, 'http://192.168.117.55:8081/admin/permission', 'user store data permission', 'POST', '192.168.117.55', 'Mozilla/5.0 (Linux; Android 6.0; Nexus 5 Build/MRA58N) AppleWebKit/537.36 (KHTML, like Gecko) Chrome/126.0.0.0 Mobile Safari/537.36', '2024-07-16 19:01:12', '2024-07-16 19:01:12'),
	(536, 2, 'http://192.168.117.55:8081/admin/permission', 'user store data permission', 'POST', '192.168.117.55', 'Mozilla/5.0 (Linux; Android 6.0; Nexus 5 Build/MRA58N) AppleWebKit/537.36 (KHTML, like Gecko) Chrome/126.0.0.0 Mobile Safari/537.36', '2024-07-16 19:01:19', '2024-07-16 19:01:19'),
	(537, 2, 'http://192.168.117.55:8081/admin/permission', 'user store data permission', 'POST', '192.168.117.55', 'Mozilla/5.0 (Linux; Android 6.0; Nexus 5 Build/MRA58N) AppleWebKit/537.36 (KHTML, like Gecko) Chrome/126.0.0.0 Mobile Safari/537.36', '2024-07-16 19:01:28', '2024-07-16 19:01:28'),
	(538, 2, 'http://192.168.117.55:8081/admin/permission', 'user store data permission', 'POST', '192.168.117.55', 'Mozilla/5.0 (Linux; Android 6.0; Nexus 5 Build/MRA58N) AppleWebKit/537.36 (KHTML, like Gecko) Chrome/126.0.0.0 Mobile Safari/537.36', '2024-07-16 19:01:36', '2024-07-16 19:01:36'),
	(539, 2, 'http://192.168.117.55:8081/admin/role/2', 'user update data role', 'PUT', '192.168.117.55', 'Mozilla/5.0 (Linux; Android 6.0; Nexus 5 Build/MRA58N) AppleWebKit/537.36 (KHTML, like Gecko) Chrome/126.0.0.0 Mobile Safari/537.36', '2024-07-16 19:02:33', '2024-07-16 19:02:33'),
	(540, 2, 'http://192.168.117.55:8081/admin/permission', 'user store data permission', 'POST', '192.168.117.55', 'Mozilla/5.0 (Linux; Android 6.0; Nexus 5 Build/MRA58N) AppleWebKit/537.36 (KHTML, like Gecko) Chrome/126.0.0.0 Mobile Safari/537.36', '2024-07-16 19:19:01', '2024-07-16 19:19:01'),
	(541, 2, 'http://192.168.117.55:8081/admin/permission', 'user store data permission', 'POST', '192.168.117.55', 'Mozilla/5.0 (Linux; Android 6.0; Nexus 5 Build/MRA58N) AppleWebKit/537.36 (KHTML, like Gecko) Chrome/126.0.0.0 Mobile Safari/537.36', '2024-07-16 19:19:12', '2024-07-16 19:19:12'),
	(542, 2, 'http://192.168.117.55:8081/admin/permission', 'user store data permission', 'POST', '192.168.117.55', 'Mozilla/5.0 (Linux; Android 6.0; Nexus 5 Build/MRA58N) AppleWebKit/537.36 (KHTML, like Gecko) Chrome/126.0.0.0 Mobile Safari/537.36', '2024-07-16 19:19:18', '2024-07-16 19:19:18'),
	(543, 2, 'http://192.168.117.55:8081/admin/permission', 'user store data permission', 'POST', '192.168.117.55', 'Mozilla/5.0 (Linux; Android 6.0; Nexus 5 Build/MRA58N) AppleWebKit/537.36 (KHTML, like Gecko) Chrome/126.0.0.0 Mobile Safari/537.36', '2024-07-16 19:19:27', '2024-07-16 19:19:27'),
	(544, 2, 'http://192.168.117.55:8081/admin/role/2', 'user update data role', 'PUT', '192.168.117.55', 'Mozilla/5.0 (Linux; Android 6.0; Nexus 5 Build/MRA58N) AppleWebKit/537.36 (KHTML, like Gecko) Chrome/126.0.0.0 Mobile Safari/537.36', '2024-07-16 19:20:12', '2024-07-16 19:20:12'),
	(545, 2, 'http://192.168.1.4:8081/admin/permission/233', 'user update data permission', 'PUT', '192.168.1.4', 'Mozilla/5.0 (Linux; Android 6.0; Nexus 5 Build/MRA58N) AppleWebKit/537.36 (KHTML, like Gecko) Chrome/126.0.0.0 Mobile Safari/537.36', '2024-07-22 09:57:14', '2024-07-22 09:57:14'),
	(546, 2, 'http://192.168.1.4:8081/admin/permission/232', 'user update data permission', 'PUT', '192.168.1.4', 'Mozilla/5.0 (Linux; Android 6.0; Nexus 5 Build/MRA58N) AppleWebKit/537.36 (KHTML, like Gecko) Chrome/126.0.0.0 Mobile Safari/537.36', '2024-07-22 09:57:28', '2024-07-22 09:57:28'),
	(547, 2, 'http://192.168.1.4:8081/admin/permission/232', 'user update data permission', 'PUT', '192.168.1.4', 'Mozilla/5.0 (Linux; Android 6.0; Nexus 5 Build/MRA58N) AppleWebKit/537.36 (KHTML, like Gecko) Chrome/126.0.0.0 Mobile Safari/537.36', '2024-07-22 09:57:42', '2024-07-22 09:57:42'),
	(548, 2, 'http://192.168.1.4:8081/admin/permission/230', 'user update data permission', 'PUT', '192.168.1.4', 'Mozilla/5.0 (Linux; Android 6.0; Nexus 5 Build/MRA58N) AppleWebKit/537.36 (KHTML, like Gecko) Chrome/126.0.0.0 Mobile Safari/537.36', '2024-07-22 09:58:00', '2024-07-22 09:58:00'),
	(549, 2, 'http://192.168.1.4:8081/admin/permission/231', 'user update data permission', 'PUT', '192.168.1.4', 'Mozilla/5.0 (Linux; Android 6.0; Nexus 5 Build/MRA58N) AppleWebKit/537.36 (KHTML, like Gecko) Chrome/126.0.0.0 Mobile Safari/537.36', '2024-07-22 09:58:15', '2024-07-22 09:58:15'),
	(550, 2, 'http://192.168.117.210:8081/admin/permission', 'user store data permission', 'POST', '192.168.117.210', 'Mozilla/5.0 (Windows NT 10.0; Win64; x64) AppleWebKit/537.36 (KHTML, like Gecko) Chrome/126.0.0.0 Safari/537.36', '2024-07-24 23:29:09', '2024-07-24 23:29:09'),
	(551, 2, 'http://192.168.117.210:8081/admin/permission', 'user store data permission', 'POST', '192.168.117.210', 'Mozilla/5.0 (Windows NT 10.0; Win64; x64) AppleWebKit/537.36 (KHTML, like Gecko) Chrome/126.0.0.0 Safari/537.36', '2024-07-24 23:29:15', '2024-07-24 23:29:15'),
	(552, 2, 'http://192.168.117.210:8081/admin/permission', 'user store data permission', 'POST', '192.168.117.210', 'Mozilla/5.0 (Windows NT 10.0; Win64; x64) AppleWebKit/537.36 (KHTML, like Gecko) Chrome/126.0.0.0 Safari/537.36', '2024-07-24 23:29:23', '2024-07-24 23:29:23'),
	(553, 2, 'http://192.168.117.210:8081/admin/permission', 'user store data permission', 'POST', '192.168.117.210', 'Mozilla/5.0 (Windows NT 10.0; Win64; x64) AppleWebKit/537.36 (KHTML, like Gecko) Chrome/126.0.0.0 Safari/537.36', '2024-07-24 23:29:28', '2024-07-24 23:29:28'),
	(554, 2, 'http://192.168.117.210:8081/admin/role/2', 'user update data role', 'PUT', '192.168.117.210', 'Mozilla/5.0 (Windows NT 10.0; Win64; x64) AppleWebKit/537.36 (KHTML, like Gecko) Chrome/126.0.0.0 Safari/537.36', '2024-07-24 23:29:58', '2024-07-24 23:29:58'),
	(555, 2, 'http://192.168.1.11:8081/admin/permission', 'user store data permission', 'POST', '192.168.1.11', 'Mozilla/5.0 (Windows NT 10.0; Win64; x64) AppleWebKit/537.36 (KHTML, like Gecko) Chrome/126.0.0.0 Safari/537.36', '2024-07-27 08:31:25', '2024-07-27 08:31:25'),
	(556, 2, 'http://192.168.1.11:8081/admin/permission', 'user store data permission', 'POST', '192.168.1.11', 'Mozilla/5.0 (Windows NT 10.0; Win64; x64) AppleWebKit/537.36 (KHTML, like Gecko) Chrome/126.0.0.0 Safari/537.36', '2024-07-27 08:31:34', '2024-07-27 08:31:34'),
	(557, 2, 'http://192.168.1.11:8081/admin/permission', 'user store data permission', 'POST', '192.168.1.11', 'Mozilla/5.0 (Windows NT 10.0; Win64; x64) AppleWebKit/537.36 (KHTML, like Gecko) Chrome/126.0.0.0 Safari/537.36', '2024-07-27 08:31:45', '2024-07-27 08:31:45'),
	(558, 2, 'http://192.168.1.11:8081/admin/permission', 'user store data permission', 'POST', '192.168.1.11', 'Mozilla/5.0 (Windows NT 10.0; Win64; x64) AppleWebKit/537.36 (KHTML, like Gecko) Chrome/126.0.0.0 Safari/537.36', '2024-07-27 08:31:54', '2024-07-27 08:31:54'),
	(559, 2, 'http://192.168.1.11:8081/admin/role/2', 'user update data role', 'PUT', '192.168.1.11', 'Mozilla/5.0 (Windows NT 10.0; Win64; x64) AppleWebKit/537.36 (KHTML, like Gecko) Chrome/126.0.0.0 Safari/537.36', '2024-07-27 08:32:40', '2024-07-27 08:32:40'),
	(560, 2, 'http://192.168.117.6:8081/admin/permission', 'user store data permission', 'POST', '192.168.117.6', 'Mozilla/5.0 (Windows NT 10.0; Win64; x64) AppleWebKit/537.36 (KHTML, like Gecko) Chrome/126.0.0.0 Safari/537.36', '2024-07-28 21:45:00', '2024-07-28 21:45:00'),
	(561, 2, 'http://192.168.117.6:8081/admin/permission', 'user store data permission', 'POST', '192.168.117.6', 'Mozilla/5.0 (Windows NT 10.0; Win64; x64) AppleWebKit/537.36 (KHTML, like Gecko) Chrome/126.0.0.0 Safari/537.36', '2024-07-28 21:45:11', '2024-07-28 21:45:11'),
	(562, 2, 'http://192.168.117.6:8081/admin/permission', 'user store data permission', 'POST', '192.168.117.6', 'Mozilla/5.0 (Windows NT 10.0; Win64; x64) AppleWebKit/537.36 (KHTML, like Gecko) Chrome/126.0.0.0 Safari/537.36', '2024-07-28 21:45:24', '2024-07-28 21:45:24'),
	(563, 2, 'http://192.168.117.6:8081/admin/permission', 'user store data permission', 'POST', '192.168.117.6', 'Mozilla/5.0 (Windows NT 10.0; Win64; x64) AppleWebKit/537.36 (KHTML, like Gecko) Chrome/126.0.0.0 Safari/537.36', '2024-07-28 21:45:36', '2024-07-28 21:45:36'),
	(564, 2, 'http://192.168.117.6:8081/admin/role/2', 'user update data role', 'PUT', '192.168.117.6', 'Mozilla/5.0 (Windows NT 10.0; Win64; x64) AppleWebKit/537.36 (KHTML, like Gecko) Chrome/126.0.0.0 Safari/537.36', '2024-07-28 22:37:39', '2024-07-28 22:37:39'),
	(565, 2, 'http://192.168.1.12:8081/admin/role/3', 'user update data role', 'PUT', '192.168.1.12', 'Mozilla/5.0 (Linux; Android 6.0; Nexus 5 Build/MRA58N) AppleWebKit/537.36 (KHTML, like Gecko) Chrome/127.0.0.0 Mobile Safari/537.36', '2024-08-02 09:00:44', '2024-08-02 09:00:44'),
	(566, 2, 'http://192.168.1.4:8081/admin/permission', 'user store data permission', 'POST', '192.168.1.4', 'Mozilla/5.0 (Windows NT 10.0; Win64; x64) AppleWebKit/537.36 (KHTML, like Gecko) Chrome/127.0.0.0 Safari/537.36', '2024-08-05 07:53:08', '2024-08-05 07:53:08'),
	(567, 2, 'http://192.168.1.4:8081/admin/permission', 'user store data permission', 'POST', '192.168.1.4', 'Mozilla/5.0 (Windows NT 10.0; Win64; x64) AppleWebKit/537.36 (KHTML, like Gecko) Chrome/127.0.0.0 Safari/537.36', '2024-08-05 07:53:16', '2024-08-05 07:53:16'),
	(568, 2, 'http://192.168.1.4:8081/admin/permission', 'user store data permission', 'POST', '192.168.1.4', 'Mozilla/5.0 (Windows NT 10.0; Win64; x64) AppleWebKit/537.36 (KHTML, like Gecko) Chrome/127.0.0.0 Safari/537.36', '2024-08-05 07:53:22', '2024-08-05 07:53:22'),
	(569, 2, 'http://192.168.1.4:8081/admin/permission', 'user store data permission', 'POST', '192.168.1.4', 'Mozilla/5.0 (Windows NT 10.0; Win64; x64) AppleWebKit/537.36 (KHTML, like Gecko) Chrome/127.0.0.0 Safari/537.36', '2024-08-05 07:53:57', '2024-08-05 07:53:57'),
	(570, 2, 'http://192.168.1.4:8081/admin/role/2', 'user update data role', 'PUT', '192.168.1.4', 'Mozilla/5.0 (Windows NT 10.0; Win64; x64) AppleWebKit/537.36 (KHTML, like Gecko) Chrome/127.0.0.0 Safari/537.36', '2024-08-05 07:54:26', '2024-08-05 07:54:26'),
	(571, 2, 'http://192.168.1.4:8081/admin/permission', 'user store data permission', 'POST', '192.168.1.4', 'Mozilla/5.0 (Windows NT 10.0; Win64; x64) AppleWebKit/537.36 (KHTML, like Gecko) Chrome/127.0.0.0 Safari/537.36', '2024-08-05 08:30:01', '2024-08-05 08:30:01'),
	(572, 2, 'http://192.168.1.4:8081/admin/permission', 'user store data permission', 'POST', '192.168.1.4', 'Mozilla/5.0 (Windows NT 10.0; Win64; x64) AppleWebKit/537.36 (KHTML, like Gecko) Chrome/127.0.0.0 Safari/537.36', '2024-08-05 08:30:07', '2024-08-05 08:30:07'),
	(573, 2, 'http://192.168.1.4:8081/admin/permission', 'user store data permission', 'POST', '192.168.1.4', 'Mozilla/5.0 (Windows NT 10.0; Win64; x64) AppleWebKit/537.36 (KHTML, like Gecko) Chrome/127.0.0.0 Safari/537.36', '2024-08-05 08:30:21', '2024-08-05 08:30:21'),
	(574, 2, 'http://192.168.1.4:8081/admin/permission', 'user store data permission', 'POST', '192.168.1.4', 'Mozilla/5.0 (Windows NT 10.0; Win64; x64) AppleWebKit/537.36 (KHTML, like Gecko) Chrome/127.0.0.0 Safari/537.36', '2024-08-05 08:30:27', '2024-08-05 08:30:27'),
	(575, 2, 'http://192.168.1.4:8081/admin/role/2', 'user update data role', 'PUT', '192.168.1.4', 'Mozilla/5.0 (Windows NT 10.0; Win64; x64) AppleWebKit/537.36 (KHTML, like Gecko) Chrome/127.0.0.0 Safari/537.36', '2024-08-05 08:31:13', '2024-08-05 08:31:13');

-- Dumping structure for table ga-sheet.lara_failed_jobs
CREATE TABLE IF NOT EXISTS `lara_failed_jobs` (
  `id` bigint(20) unsigned NOT NULL AUTO_INCREMENT,
  `uuid` varchar(150) CHARACTER SET utf8mb4 COLLATE utf8mb4_unicode_ci NOT NULL,
  `connection` text CHARACTER SET utf8mb4 COLLATE utf8mb4_unicode_ci NOT NULL,
  `queue` text CHARACTER SET utf8mb4 COLLATE utf8mb4_unicode_ci NOT NULL,
  `payload` longtext CHARACTER SET utf8mb4 COLLATE utf8mb4_unicode_ci NOT NULL,
  `exception` longtext CHARACTER SET utf8mb4 COLLATE utf8mb4_unicode_ci NOT NULL,
  `failed_at` timestamp NOT NULL DEFAULT current_timestamp(),
  PRIMARY KEY (`id`),
  UNIQUE KEY `failed_jobs_uuid_unique` (`uuid`)
) ENGINE=InnoDB DEFAULT CHARSET=armscii8 COLLATE=armscii8_bin;

-- Dumping data for table ga-sheet.lara_failed_jobs: ~0 rows (approximately)
DELETE FROM `lara_failed_jobs`;

-- Dumping structure for table ga-sheet.lara_menus
CREATE TABLE IF NOT EXISTS `lara_menus` (
  `id` bigint(20) unsigned NOT NULL AUTO_INCREMENT,
  `name` varchar(255) CHARACTER SET utf8mb4 COLLATE utf8mb4_unicode_ci NOT NULL,
  `description` varchar(255) CHARACTER SET utf8mb4 COLLATE utf8mb4_unicode_ci DEFAULT NULL,
  `machine_name` varchar(64) CHARACTER SET utf8mb4 COLLATE utf8mb4_unicode_ci NOT NULL,
  `created_at` timestamp NULL DEFAULT NULL,
  `updated_at` timestamp NULL DEFAULT NULL,
  PRIMARY KEY (`id`),
  UNIQUE KEY `menus_machine_name_unique` (`machine_name`)
) ENGINE=InnoDB AUTO_INCREMENT=2 DEFAULT CHARSET=armscii8 COLLATE=armscii8_bin;

-- Dumping data for table ga-sheet.lara_menus: ~0 rows (approximately)
DELETE FROM `lara_menus`;
INSERT INTO `lara_menus` (`id`, `name`, `description`, `machine_name`, `created_at`, `updated_at`) VALUES
	(1, 'Admin', 'Admin Menu', 'admin', '2023-03-29 06:39:34', '2023-03-29 06:39:34');

-- Dumping structure for table ga-sheet.lara_menu_items
CREATE TABLE IF NOT EXISTS `lara_menu_items` (
  `id` bigint(20) unsigned NOT NULL AUTO_INCREMENT,
  `menu_id` bigint(20) unsigned NOT NULL,
  `name` varchar(255) CHARACTER SET utf8mb4 COLLATE utf8mb4_unicode_ci NOT NULL,
  `uri` varchar(255) CHARACTER SET utf8mb4 COLLATE utf8mb4_unicode_ci DEFAULT NULL,
  `description` varchar(255) CHARACTER SET utf8mb4 COLLATE utf8mb4_unicode_ci DEFAULT NULL,
  `parent_id` bigint(20) unsigned DEFAULT NULL,
  `weight` int(11) NOT NULL DEFAULT 0,
  `enabled` tinyint(1) NOT NULL,
  `created_at` timestamp NULL DEFAULT NULL,
  `updated_at` timestamp NULL DEFAULT NULL,
  PRIMARY KEY (`id`),
  KEY `menu_items_menu_id_foreign` (`menu_id`),
  CONSTRAINT `menu_items_menu_id_foreign` FOREIGN KEY (`menu_id`) REFERENCES `lara_menus` (`id`) ON DELETE CASCADE
) ENGINE=InnoDB AUTO_INCREMENT=7 DEFAULT CHARSET=armscii8 COLLATE=armscii8_bin;

-- Dumping data for table ga-sheet.lara_menu_items: ~6 rows (approximately)
DELETE FROM `lara_menu_items`;
INSERT INTO `lara_menu_items` (`id`, `menu_id`, `name`, `uri`, `description`, `parent_id`, `weight`, `enabled`, `created_at`, `updated_at`) VALUES
	(1, 1, 'Dashboard', '/dashboard', NULL, NULL, 0, 1, '2023-03-29 06:39:34', '2023-03-29 06:39:34'),
	(2, 1, 'Permissions', '/<admin>/permission', NULL, NULL, 1, 1, '2023-03-29 06:39:34', '2023-03-29 06:39:34'),
	(3, 1, 'Roles', '/<admin>/role', NULL, NULL, 2, 1, '2023-03-29 06:39:34', '2023-03-29 06:39:34'),
	(4, 1, 'Users', '/<admin>/user', NULL, NULL, 3, 1, '2023-03-29 06:39:34', '2023-03-29 06:39:34'),
	(5, 1, 'Menus', '/<admin>/menu', NULL, NULL, 4, 1, '2023-03-29 06:39:34', '2023-03-29 07:02:12'),
	(6, 1, 'Submission', 'https://submission.digipufr.com', NULL, NULL, 5, 1, '2023-03-29 06:48:39', '2023-03-29 08:04:57');

-- Dumping structure for table ga-sheet.lara_migrations
CREATE TABLE IF NOT EXISTS `lara_migrations` (
  `id` int(10) unsigned NOT NULL AUTO_INCREMENT,
  `migration` varchar(255) CHARACTER SET utf8mb4 COLLATE utf8mb4_unicode_ci NOT NULL,
  `batch` int(11) NOT NULL,
  PRIMARY KEY (`id`)
) ENGINE=InnoDB AUTO_INCREMENT=73 DEFAULT CHARSET=armscii8 COLLATE=armscii8_bin;

-- Dumping data for table ga-sheet.lara_migrations: ~43 rows (approximately)
DELETE FROM `lara_migrations`;
INSERT INTO `lara_migrations` (`id`, `migration`, `batch`) VALUES
	(1, '2014_10_12_000000_create_users_table', 1),
	(2, '2014_10_12_100000_create_password_resets_table', 1),
	(3, '2019_08_19_000000_create_failed_jobs_table', 1),
	(4, '2019_12_14_000001_create_personal_access_tokens_table', 1),
	(5, '2022_07_11_225131_create_permission_tables', 1),
	(6, '2023_03_29_133924_create_menu_tables', 1),
	(22, '2023_05_15_014724_create_lara_master_item_super_group_table', 2),
	(23, '2023_05_15_015311_create_lara_master_item_group_table', 2),
	(24, '2023_05_15_020339_create_lara_master_shift_table', 2),
	(25, '2023_05_15_020650_create_lara_master_formation_table', 2),
	(26, '2023_05_15_021739_alter_create_field_lara_master_shift_id_on_users_table', 2),
	(27, '2023_05_15_021747_alter_create_field_lara_master_formation_id_on_users_table', 2),
	(28, '2023_05_15_094440_alter_create_field_parent_id_on_lara_master_item_group', 3),
	(29, '2023_05_16_084718_create_lara_master_item_category_table', 4),
	(33, '2023_05_17_065308_create_lara_master_item_group_tree_table', 5),
	(34, '2023_05_17_081412_create_lara_master_item_brand_table', 6),
	(35, '2023_05_19_033059_create_lara_master_item_type_table', 7),
	(36, '2023_05_19_040715_create_lara_master_item_unit_table', 8),
	(37, '2023_05_19_082914_create_lara_master_masa_item_table', 9),
	(42, '2023_05_21_065937_create_lara_master_item_table', 10),
	(47, '2023_05_22_064818_create_lara_master_produk_table', 11),
	(50, '2023_05_24_034700_create_lara_bom_header_table', 12),
	(51, '2023_05_24_040322_create_lara_bom_item_table', 12),
	(52, '2023_05_24_080508_create_lara_bom_header_history_table', 13),
	(53, '2023_05_29_095156_create_lara_master_warehouse_table', 14),
	(54, '2023_05_31_035458_create_lara_bom_unit_konversi_table', 15),
	(55, '2023_06_03_091204_create_lara_master_bom_type_table', 16),
	(56, '2023_06_03_100401_create_lara_master_seq_process_table', 17),
	(57, '2023_06_03_101021_create_lara_master_stork_table', 17),
	(58, '2023_06_03_101027_create_lara_master_mesin_table', 17),
	(59, '2023_06_03_102842_create_lara_mesin_stork_table', 17),
	(61, '2023_06_06_021652_create_lara_master_line_table', 18),
	(62, '2023_06_06_025330_create_lara_mesin_line_table', 19),
	(63, '2023_06_06_032949_create_lara_bom_line_table', 20),
	(64, '2023_06_09_043902_create_lara_master_rnd_atasan_table', 21),
	(65, '2023_06_14_082849_create_lara_production_plan_table', 22),
	(66, '2023_06_14_084004_create_lara_production_plan_history_table', 22),
	(67, '2023_06_15_082028_create_lara_master_palet_table', 23),
	(68, '2023_06_22_015723_create_lara_production_plan_item_table', 24),
	(69, '2023_07_05_023357_create_lara_production_plan_item_temp_table', 25),
	(70, '2023_07_05_023604_create_lara_production_real_item_table', 26),
	(71, '2023_07_05_033837_create_lara_master_produksi_atasan_table', 27),
	(72, '2023_07_15_055453_create_activities_log_table', 28);

-- Dumping structure for table ga-sheet.lara_model_has_permissions
CREATE TABLE IF NOT EXISTS `lara_model_has_permissions` (
  `permission_id` bigint(20) unsigned NOT NULL,
  `model_type` varchar(100) CHARACTER SET utf8mb4 COLLATE utf8mb4_unicode_ci NOT NULL,
  `model_id` bigint(20) unsigned NOT NULL,
  PRIMARY KEY (`permission_id`,`model_id`,`model_type`),
  KEY `model_has_permissions_model_id_model_type_index` (`model_id`,`model_type`),
  CONSTRAINT `model_has_permissions_permission_id_foreign` FOREIGN KEY (`permission_id`) REFERENCES `lara_permissions` (`id`) ON DELETE CASCADE
) ENGINE=InnoDB DEFAULT CHARSET=armscii8 COLLATE=armscii8_bin;

-- Dumping data for table ga-sheet.lara_model_has_permissions: ~0 rows (approximately)
DELETE FROM `lara_model_has_permissions`;

-- Dumping structure for table ga-sheet.lara_model_has_roles
CREATE TABLE IF NOT EXISTS `lara_model_has_roles` (
  `role_id` bigint(20) unsigned NOT NULL,
  `model_type` varchar(100) CHARACTER SET utf8mb4 COLLATE utf8mb4_unicode_ci NOT NULL,
  `model_id` bigint(20) unsigned NOT NULL,
  PRIMARY KEY (`role_id`,`model_id`,`model_type`),
  KEY `model_has_roles_model_id_model_type_index` (`model_id`,`model_type`),
  CONSTRAINT `model_has_roles_role_id_foreign` FOREIGN KEY (`role_id`) REFERENCES `lara_roles` (`id`) ON DELETE CASCADE
) ENGINE=InnoDB DEFAULT CHARSET=armscii8 COLLATE=armscii8_bin;

-- Dumping data for table ga-sheet.lara_model_has_roles: ~19 rows (approximately)
DELETE FROM `lara_model_has_roles`;
INSERT INTO `lara_model_has_roles` (`role_id`, `model_type`, `model_id`) VALUES
	(1, 'App\\Models\\User', 3),
	(1, 'App\\Models\\User', 4),
	(1, 'App\\Models\\User', 5),
	(1, 'App\\Models\\User', 7),
	(1, 'App\\Models\\User', 9),
	(1, 'App\\Models\\User', 10),
	(1, 'App\\Models\\User', 11),
	(1, 'App\\Models\\User', 13),
	(1, 'App\\Models\\User', 14),
	(1, 'App\\Models\\User', 17),
	(1, 'App\\Models\\User', 19),
	(2, 'App\\Models\\User', 2),
	(2, 'App\\Models\\User', 6),
	(3, 'App\\Models\\User', 1),
	(4, 'App\\Models\\User', 6),
	(5, 'App\\Models\\User', 6),
	(6, 'App\\Models\\User', 2),
	(6, 'App\\Models\\User', 18),
	(7, 'App\\Models\\User', 8);

-- Dumping structure for table ga-sheet.lara_password_resets
CREATE TABLE IF NOT EXISTS `lara_password_resets` (
  `email` varchar(255) CHARACTER SET utf8mb4 COLLATE utf8mb4_unicode_ci NOT NULL,
  `token` varchar(255) CHARACTER SET utf8mb4 COLLATE utf8mb4_unicode_ci NOT NULL,
  `created_at` timestamp NULL DEFAULT NULL,
  KEY `password_resets_email_index` (`email`(191))
) ENGINE=InnoDB DEFAULT CHARSET=armscii8 COLLATE=armscii8_bin;

-- Dumping data for table ga-sheet.lara_password_resets: ~0 rows (approximately)
DELETE FROM `lara_password_resets`;

-- Dumping structure for table ga-sheet.lara_permissions
CREATE TABLE IF NOT EXISTS `lara_permissions` (
  `id` bigint(20) unsigned NOT NULL AUTO_INCREMENT,
  `name` varchar(100) CHARACTER SET utf8mb4 COLLATE utf8mb4_unicode_ci NOT NULL,
  `guard_name` varchar(100) CHARACTER SET utf8mb4 COLLATE utf8mb4_unicode_ci NOT NULL,
  `created_at` timestamp NULL DEFAULT NULL,
  `updated_at` timestamp NULL DEFAULT NULL,
  PRIMARY KEY (`id`),
  UNIQUE KEY `permissions_name_guard_name_unique` (`name`,`guard_name`)
) ENGINE=InnoDB AUTO_INCREMENT=262 DEFAULT CHARSET=armscii8 COLLATE=armscii8_bin;

-- Dumping data for table ga-sheet.lara_permissions: ~203 rows (approximately)
DELETE FROM `lara_permissions`;
INSERT INTO `lara_permissions` (`id`, `name`, `guard_name`, `created_at`, `updated_at`) VALUES
	(1, 'permission list', 'web', '2023-03-29 06:39:33', '2023-03-29 06:39:33'),
	(2, 'permission create', 'web', '2023-03-29 06:39:33', '2023-03-29 06:39:33'),
	(3, 'permission edit', 'web', '2023-03-29 06:39:33', '2023-03-29 06:39:33'),
	(4, 'permission delete', 'web', '2023-03-29 06:39:33', '2023-03-29 06:39:33'),
	(5, 'role list', 'web', '2023-03-29 06:39:33', '2023-03-29 06:39:33'),
	(6, 'role create', 'web', '2023-03-29 06:39:33', '2023-03-29 06:39:33'),
	(7, 'role edit', 'web', '2023-03-29 06:39:33', '2023-03-29 06:39:33'),
	(8, 'role delete', 'web', '2023-03-29 06:39:33', '2023-03-29 06:39:33'),
	(9, 'user list', 'web', '2023-03-29 06:39:33', '2023-03-29 06:39:33'),
	(10, 'user create', 'web', '2023-03-29 06:39:33', '2023-03-29 06:39:33'),
	(11, 'user edit', 'web', '2023-03-29 06:39:33', '2023-03-29 06:39:33'),
	(12, 'user delete', 'web', '2023-03-29 06:39:33', '2023-03-29 06:39:33'),
	(13, 'menu list', 'web', '2023-03-29 06:39:33', '2023-03-29 06:39:33'),
	(14, 'menu create', 'web', '2023-03-29 06:39:33', '2023-03-29 06:39:33'),
	(15, 'menu edit', 'web', '2023-03-29 06:39:33', '2023-03-29 06:39:33'),
	(16, 'menu delete', 'web', '2023-03-29 06:39:33', '2023-03-29 06:39:33'),
	(17, 'menu.item list', 'web', '2023-03-29 06:39:34', '2023-03-29 06:39:34'),
	(18, 'menu.item create', 'web', '2023-03-29 06:39:34', '2023-03-29 06:39:34'),
	(19, 'menu.item edit', 'web', '2023-03-29 06:39:34', '2023-03-29 06:39:34'),
	(20, 'menu.item delete', 'web', '2023-03-29 06:39:34', '2023-03-29 06:39:34'),
	(22, 'fst list', 'web', '2023-04-01 19:50:03', '2023-04-01 19:50:03'),
	(23, 'fst create', 'web', '2023-04-01 19:50:14', '2023-04-01 19:50:14'),
	(24, 'fst edit', 'web', '2023-04-01 19:50:24', '2023-04-01 19:50:24'),
	(25, 'fst delete', 'web', '2023-04-01 19:50:35', '2023-04-01 19:50:35'),
	(26, 'fp list', 'web', '2023-04-02 07:46:41', '2023-04-02 07:46:41'),
	(27, 'fp create', 'web', '2023-04-02 07:46:51', '2023-04-02 07:46:51'),
	(28, 'fp edit', 'web', '2023-04-02 07:47:03', '2023-04-02 07:47:03'),
	(29, 'fp delete', 'web', '2023-04-02 07:47:10', '2023-04-02 07:47:10'),
	(30, 'master_shift list', 'web', NULL, NULL),
	(31, 'master_shift create', 'web', NULL, NULL),
	(32, 'master_shift edit', 'web', NULL, NULL),
	(33, 'master_shift delete', 'web', NULL, NULL),
	(34, 'master_formation list', 'web', '2023-05-13 05:15:09', '2023-05-13 05:15:09'),
	(35, 'master_formation create', 'web', '2023-05-13 05:15:22', '2023-05-13 05:15:22'),
	(36, 'master_formation edit', 'web', '2023-05-13 05:15:31', '2023-05-13 05:15:31'),
	(37, 'master_formation delete', 'web', '2023-05-13 05:15:41', '2023-05-13 05:15:41'),
	(38, 'master_item_super_group list', 'web', '2023-05-14 23:27:54', '2023-05-14 23:27:54'),
	(39, 'master_item_super_group create', 'web', '2023-05-14 23:28:06', '2023-05-14 23:28:06'),
	(40, 'master_item_super_group edit', 'web', '2023-05-14 23:28:12', '2023-05-14 23:28:12'),
	(41, 'master_item_super_group delete', 'web', '2023-05-14 23:28:18', '2023-05-14 23:28:18'),
	(42, 'master_item_group list', 'web', '2023-05-14 23:28:39', '2023-05-14 23:28:39'),
	(43, 'master_item_group create', 'web', '2023-05-14 23:28:45', '2023-05-14 23:28:45'),
	(44, 'master_item_group edit', 'web', '2023-05-14 23:28:50', '2023-05-14 23:28:50'),
	(45, 'master_item_group delete', 'web', '2023-05-14 23:28:55', '2023-05-14 23:28:55'),
	(46, 'master_item_category list', 'web', '2023-05-16 02:55:11', '2023-05-16 02:55:11'),
	(47, 'master_item_category create', 'web', '2023-05-16 02:55:42', '2023-05-16 02:55:42'),
	(48, 'master_item_category edit', 'web', '2023-05-16 02:55:54', '2023-05-16 02:55:54'),
	(49, 'master_item_category delete', 'web', '2023-05-16 02:56:06', '2023-05-16 02:56:06'),
	(50, 'master_item_brand list', 'web', '2023-05-18 19:30:33', '2023-05-18 19:30:33'),
	(51, 'master_item_brand create', 'web', '2023-05-18 19:30:43', '2023-05-18 19:30:43'),
	(52, 'master_item_brand edit', 'web', '2023-05-18 19:30:57', '2023-05-18 19:30:57'),
	(53, 'master_item_brand delete', 'web', '2023-05-18 19:31:16', '2023-05-18 19:31:16'),
	(54, 'master_item_type list', 'web', '2023-05-18 20:27:01', '2023-05-18 20:27:01'),
	(55, 'master_item_type create', 'web', '2023-05-18 20:27:24', '2023-05-18 20:27:24'),
	(56, 'master_item_type edit', 'web', '2023-05-18 20:28:35', '2023-05-18 20:28:35'),
	(57, 'master_item_type delete', 'web', '2023-05-18 20:28:49', '2023-05-18 20:28:49'),
	(58, 'master_item_unit list', 'web', '2023-05-18 21:05:12', '2023-05-18 21:05:12'),
	(59, 'master_item_unit create', 'web', '2023-05-18 21:05:17', '2023-05-18 21:05:17'),
	(60, 'master_item_unit edit', 'web', '2023-05-18 21:05:23', '2023-05-18 21:05:23'),
	(61, 'master_item_unit delete', 'web', '2023-05-18 21:05:29', '2023-05-18 21:05:29'),
	(62, 'master_masa_item list', 'web', '2023-05-19 03:05:30', '2023-05-19 03:05:30'),
	(63, 'master_masa_item create', 'web', '2023-05-19 03:05:35', '2023-05-19 03:05:35'),
	(64, 'master_masa_item edit', 'web', '2023-05-19 03:05:39', '2023-05-19 03:05:39'),
	(65, 'master_masa_item delete', 'web', '2023-05-19 03:05:44', '2023-05-19 03:05:44'),
	(66, 'master_item list', 'web', '2023-05-20 23:26:05', '2023-05-20 23:26:05'),
	(67, 'master_item create', 'web', '2023-05-20 23:26:10', '2023-05-20 23:26:10'),
	(68, 'master_item edit', 'web', '2023-05-20 23:26:15', '2023-05-20 23:26:15'),
	(69, 'master_item delete', 'web', '2023-05-20 23:26:20', '2023-05-20 23:26:20'),
	(70, 'master_produk list', 'web', '2023-05-21 23:45:31', '2023-05-21 23:45:31'),
	(71, 'master_produk create', 'web', '2023-05-21 23:45:38', '2023-05-21 23:45:38'),
	(72, 'master_produk edit', 'web', '2023-05-21 23:45:47', '2023-05-21 23:45:47'),
	(73, 'master_produk delete', 'web', '2023-05-21 23:45:54', '2023-05-21 23:45:54'),
	(74, 'bom list', 'web', '2023-05-24 01:16:48', '2023-05-24 01:16:48'),
	(75, 'bom create', 'web', '2023-05-24 01:16:53', '2023-05-24 01:16:53'),
	(76, 'bom edit', 'web', '2023-05-24 01:17:00', '2023-05-24 01:17:00'),
	(77, 'bom delete', 'web', '2023-05-24 01:17:05', '2023-05-24 01:17:05'),
	(78, 'approval_rnd_atasan_bom list', 'web', '2023-06-10 08:55:32', '2023-06-10 08:55:32'),
	(79, 'approval_rnd_atasan_bom create', 'web', '2023-06-10 09:32:16', '2023-06-10 09:32:16'),
	(80, 'approval_rnd_atasan_bom edit', 'web', '2023-06-10 09:32:22', '2023-06-10 09:32:22'),
	(81, 'approval_rnd_atasan_bom delete', 'web', '2023-06-10 09:32:27', '2023-06-10 09:32:27'),
	(82, 'production_plan list', 'web', '2023-06-14 01:19:18', '2023-06-14 01:19:18'),
	(83, 'production_plan create', 'web', '2023-06-14 01:25:21', '2023-06-14 01:25:21'),
	(84, 'production_plan edit', 'web', '2023-06-14 01:25:25', '2023-06-14 01:25:25'),
	(85, 'production_plan delete', 'web', '2023-06-14 01:25:32', '2023-06-14 01:25:32'),
	(86, 'master_mesin list', 'web', '2023-06-15 01:35:44', '2023-06-15 01:35:44'),
	(87, 'master_mesin create', 'web', '2023-06-15 01:35:50', '2023-06-15 01:35:50'),
	(88, 'master_mesin edit', 'web', '2023-06-15 01:35:56', '2023-06-15 01:35:56'),
	(89, 'master_mesin delete', 'web', '2023-06-15 01:36:01', '2023-06-15 01:36:01'),
	(90, 'master_stork list', 'web', '2023-06-15 01:36:17', '2023-06-15 01:36:38'),
	(91, 'master_stork create', 'web', '2023-06-15 01:36:22', '2023-06-15 01:36:43'),
	(92, 'master_stork edit', 'web', '2023-06-15 01:36:31', '2023-06-15 01:36:48'),
	(93, 'master_stork delete', 'web', '2023-06-15 01:36:55', '2023-06-15 01:36:55'),
	(94, 'master_line list', 'web', '2023-06-15 01:37:04', '2023-06-15 01:37:04'),
	(95, 'master_line create', 'web', '2023-06-15 01:37:11', '2023-06-15 01:37:11'),
	(96, 'master_line edit', 'web', '2023-06-15 01:37:25', '2023-06-15 01:37:25'),
	(97, 'master_line delete', 'web', '2023-06-15 01:37:31', '2023-06-15 01:37:31'),
	(98, 'master_palet list', 'web', '2023-06-15 01:37:41', '2023-06-15 01:37:56'),
	(99, 'master_palet create', 'web', '2023-06-15 01:37:48', '2023-06-15 01:38:00'),
	(100, 'master_palet edit', 'web', '2023-06-15 01:38:06', '2023-06-15 01:38:06'),
	(101, 'master_palet delete', 'web', '2023-06-15 01:38:12', '2023-06-15 01:38:12'),
	(102, 'master_warehouse_view list', 'web', '2023-07-02 18:44:44', '2023-07-02 18:44:44'),
	(103, 'master_warehouse_view create', 'web', '2023-07-02 18:44:54', '2023-07-02 18:44:54'),
	(104, 'master_warehouse_view edit', 'web', '2023-07-02 18:45:00', '2023-07-02 18:45:00'),
	(105, 'master_warehouse_view delete', 'web', '2023-07-02 18:45:06', '2023-07-02 18:45:06'),
	(106, 'approval_ppic_atasan list', 'web', '2023-07-03 00:38:42', '2023-07-03 00:38:42'),
	(107, 'approval_ppic_atasan create', 'web', '2023-07-03 00:38:48', '2023-07-03 00:38:48'),
	(108, 'approval_ppic_atasan edit', 'web', '2023-07-03 00:38:53', '2023-07-03 00:38:53'),
	(109, 'approval_ppic_atasan delete', 'web', '2023-07-03 00:39:03', '2023-07-03 00:39:03'),
	(110, 'req_bom list', 'web', '2023-07-25 19:49:14', '2023-07-25 19:49:14'),
	(111, 'req_bom create', 'web', '2023-07-25 19:49:22', '2023-07-25 19:49:22'),
	(112, 'req_bom edit', 'web', '2023-07-25 19:49:29', '2023-07-25 19:49:29'),
	(113, 'req_bom delete', 'web', '2023-07-25 19:49:39', '2023-07-25 19:49:39'),
	(114, 'req_bom_rnd_atasan list', 'web', '2023-08-01 00:06:44', '2023-08-01 00:06:44'),
	(115, 'req_bom_rnd_atasan create', 'web', '2023-08-01 00:06:49', '2023-08-01 00:06:49'),
	(116, 'req_bom_rnd_atasan edit', 'web', '2023-08-01 00:06:56', '2023-08-01 00:06:56'),
	(117, 'req_bom_rnd_atasan delete', 'web', '2023-08-01 00:07:01', '2023-08-01 00:07:01'),
	(118, 'req_bom_produksi_atasan list', 'web', '2023-08-01 00:07:19', '2023-08-01 00:07:19'),
	(119, 'req_bom_produksi_atasan create', 'web', '2023-08-01 00:07:24', '2023-08-01 00:07:24'),
	(120, 'req_bom_produksi_atasan edit', 'web', '2023-08-01 00:07:29', '2023-08-01 00:07:29'),
	(121, 'req_bom_produksi_atasan delete', 'web', '2023-08-01 00:07:34', '2023-08-01 00:07:34'),
	(122, 'job_costing list', 'web', '2023-08-13 20:39:58', '2023-08-13 20:39:58'),
	(123, 'job_costing create', 'web', '2023-08-13 20:40:04', '2023-08-13 20:40:04'),
	(124, 'job_costing edit', 'web', '2023-08-13 20:40:11', '2023-08-13 20:40:11'),
	(125, 'job_costing delete', 'web', '2023-08-13 20:40:18', '2023-08-13 20:40:18'),
	(126, 'master_sequence list', 'web', '2023-08-29 01:59:09', '2023-08-29 01:59:09'),
	(127, 'master_sequence create', 'web', '2023-08-29 01:59:15', '2023-08-29 01:59:15'),
	(128, 'roll_over list', 'web', '2023-09-14 00:59:13', '2023-09-14 00:59:13'),
	(129, 'roll_over create', 'web', '2023-09-14 00:59:21', '2023-09-14 00:59:21'),
	(130, 'roll_over edit', 'web', '2023-09-14 00:59:27', '2023-09-14 00:59:27'),
	(131, 'roll_over delete', 'web', '2023-09-14 00:59:34', '2023-09-14 00:59:34'),
	(132, 'master_expense list', 'web', '2023-09-20 18:38:45', '2023-09-20 18:38:45'),
	(133, 'master_expense create', 'web', '2023-09-20 18:39:00', '2023-09-20 18:39:00'),
	(134, 'master_expense edit', 'web', '2023-09-20 18:39:08', '2023-09-20 18:39:08'),
	(135, 'master_expense delete', 'web', '2023-09-20 18:39:14', '2023-09-20 18:39:14'),
	(136, 'bom_map list', 'web', '2023-10-05 00:54:12', '2023-10-05 00:54:12'),
	(137, 'bom_map create', 'web', '2023-10-05 00:54:25', '2023-10-05 00:54:25'),
	(138, 'bom_map edit', 'web', '2023-10-05 00:55:04', '2023-10-05 00:55:04'),
	(139, 'bom_map delete', 'web', '2023-10-05 00:55:13', '2023-10-05 00:55:13'),
	(140, 'job_costing_product list', 'web', '2023-10-05 18:53:07', '2023-10-05 18:53:07'),
	(141, 'job_costing_product create', 'web', '2023-10-05 18:53:13', '2023-10-05 18:53:13'),
	(142, 'job_costing_product edit', 'web', '2023-10-05 18:53:19', '2023-10-05 18:53:24'),
	(143, 'job_costing_product delete', 'web', '2023-10-05 18:53:30', '2023-10-05 18:53:30'),
	(144, 'roll_over_produk list', 'web', '2023-10-09 18:17:09', '2023-10-09 18:17:09'),
	(145, 'roll_over_produk create', 'web', '2023-10-09 18:17:15', '2023-10-09 18:17:15'),
	(146, 'roll_over_produk edit', 'web', '2023-10-09 18:17:21', '2023-10-09 18:17:21'),
	(147, 'roll_over_produk delete', 'web', '2023-10-09 18:17:27', '2023-10-09 18:17:27'),
	(148, 'qc_dashboard list', 'web', '2023-10-20 02:31:58', '2023-10-20 02:31:58'),
	(149, 'qc_dashboard create', 'web', '2023-10-20 02:32:04', '2023-10-20 02:32:04'),
	(150, 'qc_dashboard edit', 'web', '2023-10-20 02:32:10', '2023-10-20 02:32:10'),
	(151, 'qc_dashboard delete', 'web', '2023-10-20 02:32:16', '2023-10-20 02:32:16'),
	(152, 'qc_tf list', 'web', '2023-10-25 21:45:29', '2023-10-25 21:45:29'),
	(153, 'qc_tf create', 'web', '2023-10-25 21:45:37', '2023-10-25 21:45:37'),
	(154, 'qc_tf edit', 'web', '2023-10-25 21:45:43', '2023-10-25 21:45:43'),
	(155, 'qc_tf delete', 'web', '2023-10-25 21:45:49', '2023-10-25 21:45:49'),
	(157, 'qc_dashboard transfer', 'web', '2023-11-06 01:15:54', '2023-11-06 01:15:54'),
	(158, 'qc_dashboard manage', 'web', '2023-11-06 01:21:56', '2023-11-06 01:21:56'),
	(159, 'invoice list', 'web', '2023-11-08 23:47:08', '2023-11-08 23:47:08'),
	(160, 'invoice create', 'web', '2023-11-08 23:47:14', '2023-11-08 23:47:14'),
	(161, 'invoice edit', 'web', '2023-11-08 23:47:19', '2023-11-08 23:47:19'),
	(162, 'invoice delete', 'web', '2023-11-08 23:47:25', '2023-11-08 23:47:25'),
	(163, 'qc_karantina list', 'web', '2023-11-22 02:58:13', '2023-11-22 02:58:13'),
	(164, 'qc_karantina create', 'web', '2023-11-22 02:58:22', '2023-11-22 02:58:22'),
	(165, 'qc_karantina edit', 'web', '2023-11-22 02:58:27', '2023-11-22 02:58:27'),
	(166, 'qc_karantina delete', 'web', '2023-11-22 02:58:35', '2023-11-22 02:58:35'),
	(167, 'qc_karantina_adjustment_approve', 'web', '2023-12-13 20:35:50', '2023-12-13 20:35:50'),
	(168, 'qc_karantina_adjustment_close', 'web', '2023-12-13 20:35:59', '2023-12-13 20:35:59'),
	(169, 'iptn_in list', 'web', '2023-12-18 20:30:39', '2023-12-18 20:30:39'),
	(170, 'iptn_in create', 'web', '2023-12-19 20:55:47', '2023-12-19 20:55:47'),
	(171, 'iptn_in edit', 'web', '2023-12-19 20:55:53', '2023-12-19 20:55:53'),
	(172, 'iptn_in delete', 'web', '2023-12-19 20:55:58', '2023-12-19 20:55:58'),
	(173, 'qr_scan list', 'web', '2024-01-08 01:17:21', '2024-01-08 01:17:21'),
	(174, 'qr_scan create', 'web', '2024-01-08 01:17:26', '2024-01-08 01:17:26'),
	(175, 'qr_scan edit', 'web', '2024-01-08 01:17:31', '2024-01-08 01:17:31'),
	(176, 'qr_scan delete', 'web', '2024-01-08 01:17:36', '2024-01-08 01:17:36'),
	(177, 'qr_scan_stuffing list', 'web', '2024-02-16 00:40:12', '2024-02-16 00:40:12'),
	(178, 'qr_scan_stuffing create', 'web', '2024-02-16 00:40:19', '2024-02-16 00:40:19'),
	(179, 'qr_scan_stuffing edit', 'web', '2024-02-16 00:40:24', '2024-02-16 00:40:24'),
	(180, 'qr_scan_stuffing delete', 'web', '2024-02-16 00:40:30', '2024-02-16 00:40:30'),
	(181, 'sirkuler_create list', 'web', '2024-03-04 00:04:10', '2024-03-04 00:04:10'),
	(182, 'sirkuler_tracking list', 'web', '2024-03-04 00:04:18', '2024-03-04 00:04:18'),
	(183, 'sirkuler_create create', 'web', '2024-03-07 18:55:05', '2024-03-07 18:55:20'),
	(184, 'sirkuler_create edit', 'web', '2024-03-07 18:55:26', '2024-03-07 18:55:26'),
	(185, 'sirkuler_create delete', 'web', '2024-03-07 18:55:31', '2024-03-07 18:55:31'),
	(186, 'approval_sirkuler list', 'web', '2024-03-18 22:08:53', '2024-03-18 22:08:53'),
	(187, 'approval_sirkuler create', 'web', '2024-03-18 22:08:59', '2024-03-18 22:08:59'),
	(188, 'approval_sirkuler edit', 'web', '2024-03-18 22:09:03', '2024-03-18 22:09:03'),
	(189, 'approval_sirkuler delete', 'web', '2024-03-19 21:53:32', '2024-03-19 21:53:32'),
	(190, 'sirkuler_create_head_legal list', 'web', '2024-03-20 21:52:29', '2024-03-20 21:52:29'),
	(191, 'sirkuler_create_head_legal create', 'web', '2024-03-20 21:52:34', '2024-03-20 21:52:34'),
	(192, 'sirkuler_create_head_legal edit', 'web', '2024-03-20 21:52:39', '2024-03-20 21:52:39'),
	(193, 'sirkuler_create_head_legal delete', 'web', '2024-03-20 21:52:45', '2024-03-20 21:52:45'),
	(194, 'master_pihak_lain list', 'web', '2024-06-09 18:57:54', '2024-06-09 18:57:54'),
	(195, 'master_pihak_lain create', 'web', '2024-06-09 18:58:00', '2024-06-09 18:58:00'),
	(196, 'master_pihak_lain edit', 'web', '2024-06-09 18:58:06', '2024-06-09 18:58:06'),
	(197, 'master_pihak_lain delete', 'web', '2024-06-09 18:58:12', '2024-06-09 18:58:12'),
	(198, 'master_type_pihak_lain list', 'web', '2024-06-12 19:56:29', '2024-06-12 19:56:29'),
	(199, 'master_type_pihak_lain create', 'web', '2024-06-12 19:56:33', '2024-06-12 19:56:33'),
	(200, 'master_type_pihak_lain edit', 'web', '2024-06-12 19:56:39', '2024-06-12 19:56:39'),
	(201, 'master_type_pihak_lain delete', 'web', '2024-06-12 19:56:45', '2024-06-12 19:56:45'),
	(202, 'master_simbol_kondisi list', 'web', '2024-07-01 18:46:34', '2024-07-01 18:46:34'),
	(203, 'master_simbol_kondisi create', 'web', '2024-07-01 18:46:40', '2024-07-01 18:46:40'),
	(204, 'master_simbol_kondisi edit', 'web', '2024-07-01 18:46:45', '2024-07-01 18:46:45'),
	(205, 'master_simbol_kondisi delete', 'web', '2024-07-01 18:46:50', '2024-07-01 18:46:50'),
	(206, 'master_pic list', 'web', '2024-07-08 11:22:33', '2024-07-08 11:22:33'),
	(207, 'master_pic edit', 'web', '2024-07-08 11:22:41', '2024-07-08 11:22:41'),
	(208, 'master_pic create', 'web', '2024-07-08 11:23:10', '2024-07-08 11:23:10'),
	(209, 'master_pic delete', 'web', '2024-07-08 11:23:20', '2024-07-08 11:23:20'),
	(210, 'master_maintenance list', 'web', '2024-07-08 11:23:51', '2024-07-08 11:23:51'),
	(211, 'master_maintenance create', 'web', '2024-07-08 11:24:01', '2024-07-08 11:24:01'),
	(212, 'master_maintenance edit', 'web', '2024-07-08 11:24:10', '2024-07-08 11:24:10'),
	(213, 'master_maintenance delete', 'web', '2024-07-08 11:24:16', '2024-07-08 11:24:16'),
	(214, 'master_alat list', 'web', '2024-07-15 00:50:27', '2024-07-15 00:50:27'),
	(215, 'master_alat create', 'web', '2024-07-15 00:50:47', '2024-07-15 00:50:47'),
	(216, 'master_alat edit', 'web', '2024-07-15 00:50:58', '2024-07-15 00:50:58'),
	(217, 'master_alat delete', 'web', '2024-07-15 00:51:16', '2024-07-15 00:51:16'),
	(218, 'master_gedung list', 'web', '2024-07-15 01:38:00', '2024-07-15 01:38:00'),
	(219, 'master_gedung create', 'web', '2024-07-15 01:38:09', '2024-07-15 01:38:09'),
	(220, 'master_gedung edit', 'web', '2024-07-15 01:38:18', '2024-07-15 01:38:18'),
	(221, 'master_gedung delete', 'web', '2024-07-15 01:38:25', '2024-07-15 01:38:25'),
	(222, 'master_lokasi list', 'web', '2024-07-15 02:12:43', '2024-07-15 02:12:43'),
	(223, 'master_lokasi edit', 'web', '2024-07-15 02:13:00', '2024-07-15 02:13:00'),
	(224, 'master_lokasi create', 'web', '2024-07-15 02:13:09', '2024-07-15 02:13:09'),
	(225, 'master_lokasi delete', 'web', '2024-07-15 02:13:17', '2024-07-15 02:13:17'),
	(226, 'master_ruangan list', 'web', '2024-07-15 02:13:48', '2024-07-15 02:13:48'),
	(227, 'master_ruangan edit', 'web', '2024-07-15 02:13:58', '2024-07-15 02:13:58'),
	(228, 'master_ruangan create', 'web', '2024-07-15 02:14:09', '2024-07-15 02:14:09'),
	(229, 'master_ruangan delete', 'web', '2024-07-15 02:14:20', '2024-07-15 02:14:20'),
	(230, 'cleaning list', 'web', '2024-07-16 19:00:18', '2024-07-22 09:58:00'),
	(231, 'cleaning create', 'web', '2024-07-16 19:00:29', '2024-07-22 09:58:15'),
	(232, 'cleaning edit', 'web', '2024-07-16 19:00:35', '2024-07-22 09:57:42'),
	(233, 'cleaning delete', 'web', '2024-07-16 19:00:43', '2024-07-22 09:57:13'),
	(234, 'master_number_of_work list', 'web', '2024-07-16 19:01:11', '2024-07-16 19:01:11'),
	(235, 'master_number_of_work create', 'web', '2024-07-16 19:01:19', '2024-07-16 19:01:19'),
	(236, 'master_number_of_work edit', 'web', '2024-07-16 19:01:28', '2024-07-16 19:01:28'),
	(237, 'master_number_of_work delete', 'web', '2024-07-16 19:01:35', '2024-07-16 19:01:35'),
	(238, 'master_category_preventive_breakdown list', 'web', '2024-07-16 19:19:01', '2024-07-16 19:19:01'),
	(239, 'master_category_preventive_breakdown create', 'web', '2024-07-16 19:19:11', '2024-07-16 19:19:11'),
	(240, 'master_category_preventive_breakdown edit', 'web', '2024-07-16 19:19:18', '2024-07-16 19:19:18'),
	(241, 'master_category_preventive_breakdown delete', 'web', '2024-07-16 19:19:27', '2024-07-16 19:19:27'),
	(242, 'cleaning_head list', 'web', '2024-07-24 23:29:09', '2024-07-24 23:29:09'),
	(243, 'cleaning_head edit', 'web', '2024-07-24 23:29:15', '2024-07-24 23:29:15'),
	(244, 'cleaning_head create', 'web', '2024-07-24 23:29:23', '2024-07-24 23:29:23'),
	(245, 'cleaning_head delete', 'web', '2024-07-24 23:29:28', '2024-07-24 23:29:28'),
	(246, 'master_komponen list', 'web', '2024-07-27 08:31:25', '2024-07-27 08:31:25'),
	(247, 'master_komponen create', 'web', '2024-07-27 08:31:34', '2024-07-27 08:31:34'),
	(248, 'master_komponen edit', 'web', '2024-07-27 08:31:44', '2024-07-27 08:31:44'),
	(249, 'master_komponen delete', 'web', '2024-07-27 08:31:54', '2024-07-27 08:31:54'),
	(250, 'maintenance_head list', 'web', '2024-07-28 21:45:00', '2024-07-28 21:45:00'),
	(251, 'maintenance_head create', 'web', '2024-07-28 21:45:10', '2024-07-28 21:45:10'),
	(252, 'maintenance_head edit', 'web', '2024-07-28 21:45:24', '2024-07-28 21:45:24'),
	(253, 'maintenance_head delete', 'web', '2024-07-28 21:45:36', '2024-07-28 21:45:36'),
	(254, 'it list', 'web', '2024-08-05 07:53:08', '2024-08-05 07:53:08'),
	(255, 'it create', 'web', '2024-08-05 07:53:16', '2024-08-05 07:53:16'),
	(256, 'it delete', 'web', '2024-08-05 07:53:22', '2024-08-05 07:53:22'),
	(257, 'it edit', 'web', '2024-08-05 07:53:57', '2024-08-05 07:53:57'),
	(258, 'it_head list', 'web', '2024-08-05 08:30:01', '2024-08-05 08:30:01'),
	(259, 'it_head edit', 'web', '2024-08-05 08:30:07', '2024-08-05 08:30:07'),
	(260, 'it_head create', 'web', '2024-08-05 08:30:21', '2024-08-05 08:30:21'),
	(261, 'it_head delete', 'web', '2024-08-05 08:30:27', '2024-08-05 08:30:27');

-- Dumping structure for table ga-sheet.lara_roles
CREATE TABLE IF NOT EXISTS `lara_roles` (
  `id` bigint(20) unsigned NOT NULL AUTO_INCREMENT,
  `name` varchar(100) CHARACTER SET utf8mb4 COLLATE utf8mb4_unicode_ci NOT NULL,
  `guard_name` varchar(100) CHARACTER SET utf8mb4 COLLATE utf8mb4_unicode_ci NOT NULL,
  `created_at` timestamp NULL DEFAULT NULL,
  `updated_at` timestamp NULL DEFAULT NULL,
  PRIMARY KEY (`id`),
  UNIQUE KEY `roles_name_guard_name_unique` (`name`,`guard_name`)
) ENGINE=InnoDB AUTO_INCREMENT=8 DEFAULT CHARSET=armscii8 COLLATE=armscii8_bin;

-- Dumping data for table ga-sheet.lara_roles: ~7 rows (approximately)
DELETE FROM `lara_roles`;
INSERT INTO `lara_roles` (`id`, `name`, `guard_name`, `created_at`, `updated_at`) VALUES
	(1, 'writer', 'web', '2023-03-29 06:39:34', '2023-03-29 06:39:34'),
	(2, 'admin', 'web', '2023-03-29 06:39:34', '2023-03-29 06:39:34'),
	(3, 'super-admin', 'web', '2023-03-29 06:39:34', '2023-03-29 06:39:34'),
	(4, 'account_payable', 'web', '2023-11-15 01:48:48', '2023-11-15 01:48:48'),
	(5, 'accounting', 'web', '2023-11-15 01:48:53', '2023-11-15 01:48:53'),
	(6, 'legal', 'web', '2024-03-20 00:55:42', '2024-03-20 00:55:42'),
	(7, 'atasan_legal', 'web', '2024-03-27 21:22:35', '2024-03-27 21:22:35');

-- Dumping structure for table ga-sheet.lara_role_has_permissions
CREATE TABLE IF NOT EXISTS `lara_role_has_permissions` (
  `permission_id` bigint(20) unsigned NOT NULL,
  `role_id` bigint(20) unsigned NOT NULL,
  PRIMARY KEY (`permission_id`,`role_id`),
  KEY `role_has_permissions_role_id_foreign` (`role_id`),
  CONSTRAINT `role_has_permissions_permission_id_foreign` FOREIGN KEY (`permission_id`) REFERENCES `lara_permissions` (`id`) ON DELETE CASCADE,
  CONSTRAINT `role_has_permissions_role_id_foreign` FOREIGN KEY (`role_id`) REFERENCES `lara_roles` (`id`) ON DELETE CASCADE
) ENGINE=InnoDB DEFAULT CHARSET=armscii8 COLLATE=armscii8_bin;

-- Dumping data for table ga-sheet.lara_role_has_permissions: ~522 rows (approximately)
DELETE FROM `lara_role_has_permissions`;
INSERT INTO `lara_role_has_permissions` (`permission_id`, `role_id`) VALUES
	(1, 2),
	(1, 3),
	(2, 2),
	(2, 3),
	(3, 2),
	(3, 3),
	(4, 2),
	(4, 3),
	(5, 2),
	(5, 3),
	(6, 2),
	(6, 3),
	(7, 2),
	(7, 3),
	(8, 2),
	(8, 3),
	(9, 2),
	(9, 3),
	(10, 2),
	(10, 3),
	(11, 2),
	(11, 3),
	(12, 2),
	(12, 3),
	(13, 2),
	(13, 3),
	(14, 2),
	(14, 3),
	(15, 2),
	(15, 3),
	(16, 2),
	(16, 3),
	(17, 2),
	(17, 3),
	(18, 2),
	(18, 3),
	(19, 2),
	(19, 3),
	(20, 2),
	(20, 3),
	(22, 2),
	(22, 3),
	(23, 2),
	(23, 3),
	(24, 2),
	(24, 3),
	(25, 2),
	(25, 3),
	(26, 2),
	(26, 3),
	(27, 2),
	(27, 3),
	(28, 2),
	(28, 3),
	(29, 2),
	(29, 3),
	(30, 2),
	(30, 3),
	(31, 2),
	(31, 3),
	(32, 2),
	(32, 3),
	(33, 2),
	(33, 3),
	(34, 2),
	(34, 3),
	(35, 2),
	(35, 3),
	(36, 2),
	(36, 3),
	(37, 2),
	(37, 3),
	(38, 2),
	(38, 3),
	(39, 2),
	(39, 3),
	(40, 2),
	(40, 3),
	(41, 2),
	(41, 3),
	(42, 2),
	(42, 3),
	(43, 2),
	(43, 3),
	(44, 2),
	(44, 3),
	(45, 2),
	(45, 3),
	(46, 2),
	(46, 3),
	(47, 2),
	(47, 3),
	(48, 2),
	(48, 3),
	(49, 2),
	(49, 3),
	(50, 2),
	(50, 3),
	(51, 2),
	(51, 3),
	(52, 2),
	(52, 3),
	(53, 2),
	(53, 3),
	(54, 2),
	(54, 3),
	(55, 2),
	(55, 3),
	(56, 2),
	(56, 3),
	(57, 2),
	(57, 3),
	(58, 2),
	(58, 3),
	(59, 2),
	(59, 3),
	(60, 2),
	(60, 3),
	(61, 2),
	(61, 3),
	(62, 2),
	(62, 3),
	(63, 2),
	(63, 3),
	(64, 2),
	(64, 3),
	(65, 2),
	(65, 3),
	(66, 2),
	(66, 3),
	(67, 2),
	(67, 3),
	(68, 2),
	(68, 3),
	(69, 2),
	(69, 3),
	(70, 2),
	(70, 3),
	(71, 2),
	(71, 3),
	(72, 2),
	(72, 3),
	(73, 2),
	(73, 3),
	(74, 2),
	(74, 3),
	(75, 2),
	(75, 3),
	(76, 2),
	(76, 3),
	(77, 2),
	(77, 3),
	(78, 2),
	(78, 3),
	(79, 2),
	(79, 3),
	(80, 2),
	(80, 3),
	(81, 2),
	(81, 3),
	(82, 2),
	(82, 3),
	(83, 2),
	(83, 3),
	(84, 2),
	(84, 3),
	(85, 2),
	(85, 3),
	(86, 2),
	(86, 3),
	(87, 2),
	(87, 3),
	(88, 2),
	(88, 3),
	(89, 2),
	(89, 3),
	(90, 2),
	(90, 3),
	(91, 2),
	(91, 3),
	(92, 2),
	(92, 3),
	(93, 2),
	(93, 3),
	(94, 2),
	(94, 3),
	(95, 2),
	(95, 3),
	(96, 2),
	(96, 3),
	(97, 2),
	(97, 3),
	(98, 2),
	(98, 3),
	(99, 2),
	(99, 3),
	(100, 2),
	(100, 3),
	(101, 2),
	(101, 3),
	(102, 2),
	(102, 3),
	(103, 2),
	(103, 3),
	(104, 2),
	(104, 3),
	(105, 2),
	(105, 3),
	(106, 2),
	(106, 3),
	(107, 2),
	(107, 3),
	(108, 2),
	(108, 3),
	(109, 2),
	(109, 3),
	(110, 2),
	(110, 3),
	(111, 2),
	(111, 3),
	(112, 2),
	(112, 3),
	(113, 2),
	(113, 3),
	(114, 2),
	(114, 3),
	(115, 2),
	(115, 3),
	(116, 2),
	(116, 3),
	(117, 2),
	(117, 3),
	(118, 2),
	(118, 3),
	(119, 2),
	(119, 3),
	(120, 2),
	(120, 3),
	(121, 2),
	(121, 3),
	(122, 2),
	(122, 3),
	(123, 2),
	(123, 3),
	(124, 2),
	(124, 3),
	(125, 2),
	(125, 3),
	(126, 3),
	(127, 3),
	(128, 2),
	(128, 3),
	(129, 2),
	(129, 3),
	(130, 2),
	(130, 3),
	(131, 2),
	(131, 3),
	(132, 2),
	(132, 3),
	(133, 2),
	(133, 3),
	(134, 2),
	(134, 3),
	(135, 2),
	(135, 3),
	(136, 2),
	(136, 3),
	(137, 2),
	(137, 3),
	(138, 2),
	(138, 3),
	(139, 2),
	(139, 3),
	(140, 2),
	(140, 3),
	(141, 2),
	(141, 3),
	(142, 2),
	(142, 3),
	(143, 2),
	(143, 3),
	(144, 2),
	(144, 3),
	(145, 2),
	(145, 3),
	(146, 2),
	(146, 3),
	(147, 2),
	(147, 3),
	(148, 2),
	(148, 3),
	(149, 2),
	(149, 3),
	(150, 2),
	(150, 3),
	(151, 2),
	(151, 3),
	(152, 2),
	(152, 3),
	(153, 2),
	(153, 3),
	(154, 2),
	(154, 3),
	(155, 2),
	(155, 3),
	(157, 2),
	(157, 3),
	(158, 2),
	(158, 3),
	(159, 2),
	(159, 3),
	(160, 2),
	(160, 3),
	(161, 2),
	(161, 3),
	(162, 2),
	(162, 3),
	(163, 2),
	(163, 3),
	(164, 2),
	(164, 3),
	(165, 2),
	(165, 3),
	(166, 2),
	(166, 3),
	(167, 2),
	(167, 3),
	(168, 2),
	(168, 3),
	(169, 2),
	(169, 3),
	(170, 2),
	(170, 3),
	(171, 2),
	(171, 3),
	(172, 2),
	(172, 3),
	(173, 2),
	(173, 3),
	(174, 2),
	(174, 3),
	(175, 2),
	(175, 3),
	(176, 2),
	(176, 3),
	(177, 2),
	(177, 3),
	(178, 2),
	(178, 3),
	(179, 2),
	(179, 3),
	(180, 2),
	(180, 3),
	(181, 2),
	(181, 3),
	(181, 6),
	(181, 7),
	(182, 2),
	(182, 3),
	(182, 6),
	(182, 7),
	(183, 2),
	(183, 3),
	(183, 6),
	(183, 7),
	(184, 2),
	(184, 3),
	(184, 6),
	(184, 7),
	(185, 2),
	(185, 3),
	(185, 6),
	(185, 7),
	(186, 2),
	(186, 3),
	(187, 2),
	(187, 3),
	(188, 2),
	(188, 3),
	(189, 2),
	(189, 3),
	(190, 2),
	(190, 3),
	(190, 7),
	(191, 2),
	(191, 3),
	(191, 7),
	(192, 2),
	(192, 3),
	(192, 7),
	(193, 2),
	(193, 3),
	(193, 7),
	(194, 2),
	(194, 3),
	(195, 2),
	(195, 3),
	(196, 2),
	(196, 3),
	(197, 2),
	(197, 3),
	(198, 2),
	(198, 3),
	(199, 2),
	(199, 3),
	(200, 2),
	(200, 3),
	(201, 2),
	(201, 3),
	(202, 2),
	(202, 3),
	(203, 2),
	(203, 3),
	(204, 2),
	(204, 3),
	(205, 2),
	(205, 3),
	(206, 2),
	(206, 3),
	(207, 2),
	(207, 3),
	(208, 2),
	(208, 3),
	(209, 2),
	(209, 3),
	(210, 2),
	(210, 3),
	(211, 2),
	(211, 3),
	(212, 2),
	(212, 3),
	(213, 2),
	(213, 3),
	(214, 2),
	(214, 3),
	(215, 2),
	(215, 3),
	(216, 2),
	(216, 3),
	(217, 2),
	(217, 3),
	(218, 2),
	(218, 3),
	(219, 2),
	(219, 3),
	(220, 2),
	(220, 3),
	(221, 2),
	(221, 3),
	(222, 2),
	(222, 3),
	(223, 2),
	(223, 3),
	(224, 2),
	(224, 3),
	(225, 2),
	(225, 3),
	(226, 2),
	(226, 3),
	(227, 2),
	(227, 3),
	(228, 2),
	(228, 3),
	(229, 2),
	(229, 3),
	(230, 2),
	(230, 3),
	(231, 2),
	(231, 3),
	(232, 2),
	(232, 3),
	(233, 2),
	(233, 3),
	(234, 2),
	(234, 3),
	(235, 2),
	(235, 3),
	(236, 2),
	(236, 3),
	(237, 2),
	(237, 3),
	(238, 2),
	(238, 3),
	(239, 2),
	(239, 3),
	(240, 2),
	(240, 3),
	(241, 2),
	(241, 3),
	(242, 2),
	(242, 3),
	(243, 2),
	(243, 3),
	(244, 2),
	(244, 3),
	(245, 2),
	(245, 3),
	(246, 2),
	(246, 3),
	(247, 2),
	(247, 3),
	(248, 2),
	(248, 3),
	(249, 2),
	(249, 3),
	(250, 2),
	(250, 3),
	(251, 2),
	(251, 3),
	(252, 2),
	(252, 3),
	(253, 2),
	(253, 3),
	(254, 2),
	(255, 2),
	(256, 2),
	(257, 2),
	(258, 2),
	(259, 2),
	(260, 2),
	(261, 2);

-- Dumping structure for table ga-sheet.lara_sirkuler_master_jenis_dokumen
CREATE TABLE IF NOT EXISTS `lara_sirkuler_master_jenis_dokumen` (
  `id` bigint(20) NOT NULL AUTO_INCREMENT,
  `name` varchar(255) DEFAULT NULL,
  `is_active` tinyint(4) DEFAULT NULL,
  `user_id` bigint(20) DEFAULT NULL,
  `created_at` timestamp NULL DEFAULT NULL,
  `updated_at` timestamp NULL DEFAULT NULL,
  PRIMARY KEY (`id`)
) ENGINE=InnoDB AUTO_INCREMENT=24 DEFAULT CHARSET=armscii8 COLLATE=armscii8_bin;

-- Dumping data for table ga-sheet.lara_sirkuler_master_jenis_dokumen: ~23 rows (approximately)
DELETE FROM `lara_sirkuler_master_jenis_dokumen`;
INSERT INTO `lara_sirkuler_master_jenis_dokumen` (`id`, `name`, `is_active`, `user_id`, `created_at`, `updated_at`) VALUES
	(1, 'PKS', 1, 1, '2024-05-27 07:10:47', NULL),
	(2, 'PSM', 1, 1, '2024-05-27 07:10:53', NULL),
	(3, 'MOU', 1, 1, '2024-05-27 07:11:01', NULL),
	(4, 'POA', 1, 1, '2024-05-27 07:11:08', NULL),
	(5, 'PPP', 1, 1, '2024-05-27 07:11:23', NULL),
	(6, 'LO', 1, 1, '2024-05-27 07:11:32', NULL),
	(7, 'RQL', 1, 1, '2024-05-27 07:11:52', NULL),
	(8, 'RL', 1, 1, '2024-05-27 07:12:01', NULL),
	(9, 'SL', 1, 1, '2024-05-27 07:12:14', NULL),
	(10, 'AL', 1, 1, '2024-05-27 07:12:23', NULL),
	(11, 'NL', 1, 1, '2024-05-27 07:12:32', NULL),
	(12, 'SP', 1, 1, '2024-05-27 07:12:40', NULL),
	(13, 'LOI', 1, 1, '2024-05-27 07:12:47', NULL),
	(14, 'SK', 1, 1, '2024-05-27 07:12:54', NULL),
	(15, 'IL', 1, 1, '2024-05-27 07:13:02', NULL),
	(16, 'SOMASI', 1, 1, '2024-05-27 07:13:10', NULL),
	(17, 'NDA', 1, 1, '2024-05-27 07:13:16', NULL),
	(18, 'SPK', 1, 1, '2024-05-27 07:13:26', NULL),
	(19, 'PJB', 1, 1, '2024-05-27 07:13:32', NULL),
	(20, 'PPJB', 1, 1, '2024-05-27 07:13:41', NULL),
	(21, 'GL', 1, 1, '2024-05-27 07:13:48', NULL),
	(22, 'OL', 1, 1, '2024-05-27 07:13:55', NULL),
	(23, 'BAST', 1, 1, '2024-05-27 07:14:03', NULL);

-- Dumping structure for table ga-sheet.lara_sirkuler_master_pihak_lain
CREATE TABLE IF NOT EXISTS `lara_sirkuler_master_pihak_lain` (
  `id` bigint(20) NOT NULL AUTO_INCREMENT,
  `code` varchar(255) DEFAULT NULL,
  `name` varchar(255) DEFAULT NULL,
  `is_active` tinyint(4) DEFAULT NULL,
  `user_id` bigint(20) DEFAULT NULL,
  `user_updated_id` bigint(20) DEFAULT NULL,
  `company_id` bigint(20) DEFAULT NULL,
  `master_type_pihak_lain_id` bigint(20) DEFAULT NULL,
  `master_type_pihak_lain_name` varchar(255) DEFAULT NULL,
  `master_type_pihak_lain_code` varchar(255) DEFAULT NULL,
  `created_at` timestamp NULL DEFAULT NULL,
  `updated_at` timestamp NULL DEFAULT NULL,
  PRIMARY KEY (`id`) USING BTREE
) ENGINE=InnoDB AUTO_INCREMENT=18 DEFAULT CHARSET=armscii8 COLLATE=armscii8_bin ROW_FORMAT=COMPACT;

-- Dumping data for table ga-sheet.lara_sirkuler_master_pihak_lain: ~16 rows (approximately)
DELETE FROM `lara_sirkuler_master_pihak_lain`;
INSERT INTO `lara_sirkuler_master_pihak_lain` (`id`, `code`, `name`, `is_active`, `user_id`, `user_updated_id`, `company_id`, `master_type_pihak_lain_id`, `master_type_pihak_lain_name`, `master_type_pihak_lain_code`, `created_at`, `updated_at`) VALUES
	(1, 'JY', 'JOYO SUYONO', 1, 2, NULL, NULL, 2, 'Supplier', 'SUPP', '2024-06-07 08:59:22', '2024-06-07 08:59:23'),
	(2, 'RXS', 'REXUS KOMPUTER', 1, 2, NULL, NULL, 2, 'Supplier', 'SUPP', '2024-06-07 08:59:43', '2024-06-07 08:59:43'),
	(3, 'PSU', 'PT PANGANSARI UTAMA', 1, 2, 2, 1, 3, 'Internal', 'INTERNAL', '2024-06-09 23:57:21', '2024-06-19 19:10:16'),
	(4, 'PUFI', 'PT PANGANSARI UTAMA FOOD INDUSTRY', 1, NULL, NULL, 3, 3, 'Internal', 'INTERNAL', '2024-06-09 23:59:50', '2024-06-10 00:25:35'),
	(5, 'PUMS', 'PLASMA USAHA MITRA SELARAS PT', 1, NULL, NULL, 7, 3, 'Internal', 'INTERNAL', '2024-06-10 00:13:02', '2024-06-10 00:13:02'),
	(6, 'PUFD', 'PT PANGANSARI UTAMA FOOD DISTRIBUTIONS', 1, NULL, NULL, 2, 3, 'Internal', 'INTERNAL', '2024-06-12 21:07:59', '2024-06-12 21:07:59'),
	(7, 'SUPP-EK', 'ENTER KOMPUTER', 1, NULL, NULL, NULL, 2, 'Supplier', 'SUPP', '2024-06-12 21:12:42', '2024-06-12 21:12:42'),
	(9, 'SUPP-SDS', 'SADES KOMPUTER', 1, NULL, 2, NULL, 2, 'Supplier', 'SUPP', '2024-06-12 21:54:13', '2024-06-13 00:01:42'),
	(10, 'BSB', 'BASEUS', 1, NULL, NULL, NULL, 2, 'Supplier', 'SUPP', '2024-06-18 00:35:18', '2024-06-18 00:35:18'),
	(11, 'SUPP-FCN', 'FIESTA', 1, NULL, NULL, NULL, 2, 'Supplier', 'SUPP', '2024-06-18 00:50:56', '2024-06-18 00:50:56'),
	(12, 'SUPP-CM', 'COOLER MASTER', 1, NULL, NULL, NULL, 2, 'Supplier', 'SUPP', '2024-06-18 21:39:12', '2024-06-18 21:39:12'),
	(13, 'CST-MDKA', 'MERDEKA', 1, NULL, NULL, NULL, 1, 'Customer', 'CST', '2024-06-19 19:07:45', '2024-06-19 19:07:45'),
	(14, 'CST-IMP', 'IMIP', 1, NULL, NULL, NULL, 1, 'Customer', 'CST', '2024-06-19 19:08:01', '2024-06-19 19:08:01'),
	(15, 'CST-VLE', 'VALE', 1, NULL, 2, NULL, 1, 'Customer', 'CST', '2024-06-19 19:08:15', '2024-06-19 19:09:56'),
	(16, 'CSTS', 'CSTS', 1, NULL, NULL, NULL, 1, 'Customer', 'CST', '2024-06-20 19:54:46', '2024-06-20 19:54:46'),
	(17, 'CDP', 'PT CITRA DAYA PURNAMA', 1, NULL, NULL, 10, 3, 'Internal', 'INTERNAL', '2024-06-20 19:58:54', '2024-06-20 19:58:54');

-- Dumping structure for table ga-sheet.lara_sirkuler_master_type_pihak_lain
CREATE TABLE IF NOT EXISTS `lara_sirkuler_master_type_pihak_lain` (
  `id` bigint(20) NOT NULL AUTO_INCREMENT,
  `code` varchar(255) DEFAULT NULL,
  `name` varchar(255) DEFAULT NULL,
  `is_active` tinyint(4) DEFAULT NULL,
  `user_id` bigint(20) DEFAULT NULL,
  `created_at` timestamp NULL DEFAULT NULL,
  `updated_at` timestamp NULL DEFAULT NULL,
  PRIMARY KEY (`id`)
) ENGINE=InnoDB AUTO_INCREMENT=4 DEFAULT CHARSET=armscii8 COLLATE=armscii8_bin;

-- Dumping data for table ga-sheet.lara_sirkuler_master_type_pihak_lain: ~3 rows (approximately)
DELETE FROM `lara_sirkuler_master_type_pihak_lain`;
INSERT INTO `lara_sirkuler_master_type_pihak_lain` (`id`, `code`, `name`, `is_active`, `user_id`, `created_at`, `updated_at`) VALUES
	(1, 'CST', 'Customer', 1, 2, '2024-06-13 02:52:14', NULL),
	(2, 'SUPP', 'Supplier', 1, 2, '2024-06-13 02:52:33', NULL),
	(3, 'INTERNAL', 'Internal', 1, 2, '2024-06-13 03:46:07', NULL);

-- Dumping structure for table ga-sheet.lara_users
CREATE TABLE IF NOT EXISTS `lara_users` (
  `id` bigint(20) unsigned NOT NULL AUTO_INCREMENT,
  `name` varchar(255) CHARACTER SET utf8mb4 COLLATE utf8mb4_unicode_ci NOT NULL,
  `initial_user` char(50) NOT NULL DEFAULT '',
  `nip` varchar(50) CHARACTER SET utf8mb4 COLLATE utf8mb4_unicode_ci DEFAULT NULL,
  `email` varchar(100) CHARACTER SET utf8mb4 COLLATE utf8mb4_unicode_ci NOT NULL,
  `email_verified_at` timestamp NULL DEFAULT NULL,
  `password` varchar(255) CHARACTER SET utf8mb4 COLLATE utf8mb4_unicode_ci NOT NULL,
  `path_signature` varchar(255) CHARACTER SET utf8mb4 COLLATE utf8mb4_unicode_ci DEFAULT NULL,
  `img_signature` varchar(255) CHARACTER SET utf8mb4 COLLATE utf8mb4_unicode_ci DEFAULT NULL,
  `remember_token` varchar(100) CHARACTER SET utf8mb4 COLLATE utf8mb4_unicode_ci DEFAULT NULL,
  `lara_master_shift_id` bigint(20) unsigned DEFAULT NULL,
  `lara_master_formation_id` bigint(20) unsigned DEFAULT NULL,
  `location_id` bigint(20) unsigned DEFAULT NULL,
  `warehouse_id` bigint(20) unsigned DEFAULT NULL,
  `company_id` bigint(20) unsigned DEFAULT NULL,
  `company_name` varchar(255) CHARACTER SET utf8mb4 COLLATE utf8mb4_unicode_ci DEFAULT NULL,
  `department_id` bigint(20) unsigned DEFAULT NULL,
  `department_name` varchar(255) CHARACTER SET utf8mb4 COLLATE utf8mb4_unicode_ci DEFAULT NULL,
  `is_active` tinyint(4) DEFAULT NULL,
  `phone` varchar(50) CHARACTER SET utf8mb4 COLLATE utf8mb4_unicode_ci DEFAULT NULL,
  `created_at` timestamp NULL DEFAULT NULL,
  `updated_at` timestamp NULL DEFAULT NULL,
  PRIMARY KEY (`id`)
) ENGINE=InnoDB AUTO_INCREMENT=20 DEFAULT CHARSET=armscii8 COLLATE=armscii8_bin;

-- Dumping data for table ga-sheet.lara_users: ~5 rows (approximately)
DELETE FROM `lara_users`;
INSERT INTO `lara_users` (`id`, `name`, `initial_user`, `nip`, `email`, `email_verified_at`, `password`, `path_signature`, `img_signature`, `remember_token`, `lara_master_shift_id`, `lara_master_formation_id`, `location_id`, `warehouse_id`, `company_id`, `company_name`, `department_id`, `department_name`, `is_active`, `phone`, `created_at`, `updated_at`) VALUES
	(1, 'Super Admin', 'SA', '101210004', 'superadmin@example.com', '2023-03-29 06:39:34', '$2y$10$92IXUNpkjO0rOQ5byMi.Ye4oKoEa3Ro9llC/.og/at2.uheWG/igi', NULL, NULL, 'JsxCRS8Yw8tc3Ey25j6IDokT8eSNvN3SERBXxbJP7uI1yL7wIZGYMGQSvzgO', NULL, NULL, NULL, NULL, NULL, NULL, NULL, NULL, 1, '62895322588536', '2023-03-29 06:39:34', '2023-03-29 06:39:34'),
	(2, 'Achmad Rizky', 'AR', '101210005', 'achmad.rizky@pangansari.co.id', '2023-03-29 06:39:34', '$2y$10$92IXUNpkjO0rOQ5byMi.Ye4oKoEa3Ro9llC/.og/at2.uheWG/igi', 'http://192.168.117.177:8081/signature/user/27-03-20242_achmad_rizky259387291.png', '27-03-20242_achmad_rizky259387291.png', 'PrssSZS5tb6UoPIymzhuzo71nw9IcN2x0O59Hm31TIElc90Ppayf6EF7w1w5', NULL, NULL, 927, 811, 1, 'PSU', 214, 'DEPT  IT & MIS', 1, '6289532257738', '2023-03-29 06:39:34', '2024-03-26 21:16:33'),
	(3, 'Example User', 'EU', '101210003', 'test@example.com', '2023-03-29 06:39:34', '$2y$10$92IXUNpkjO0rOQ5byMi.Ye4oKoEa3Ro9llC/.og/at2.uheWG/igi', 'http://192.168.117.177:8081/signature/user/26-03-20243_example_user1004625293.png', '26-03-20243_example_user1004625293.png', 'iqhEpkSTxn33Plewl3kZ2W2PxjLIg7mDvie2ino7UYOxcLgxnHyQDABRRSmU', NULL, NULL, NULL, NULL, NULL, NULL, NULL, NULL, 1, '62895322588538', '2023-03-29 06:39:34', '2024-03-26 00:08:30'),
	(4, 'Dimas Krisnadi', 'DK', '101210101', 'achmad.rizky@pangansari.co.id', NULL, '$2y$10$92IXUNpkjO0rOQ5byMi.Ye4oKoEa3Ro9llC/.og/at2.uheWG/igi', 'http://192.168.117.177:8081/signature/user/21-03-20244_dimas_krisnadi239372001.png', '21-03-20244_dimas_krisnadi239372001.png', NULL, NULL, NULL, NULL, NULL, 1, 'PSU', 214, 'DEPT  IT & MIS', 1, '62895322588539', '2023-05-13 06:21:13', '2024-03-26 21:23:56'),
	(5, 'Ratih Astari Kirana', 'RAK', '1012100051', 'achmad.rizky@pangansari.co.id', NULL, '$2y$10$r6Ql3anh53s3fIo1mNvYnerC5ueS9NQekWXlEyXJttZgAkXnSXsZ2', 'http://192.168.117.177:8081/signature/user/26-03-20245_ratih_astari_kirana1563161557.png', '26-03-20245_ratih_astari_kirana1563161557.png', NULL, NULL, NULL, NULL, NULL, NULL, NULL, NULL, NULL, 1, '62895322588510', '2023-05-13 06:28:36', '2024-03-26 00:07:45');

-- Dumping structure for table ga-sheet.maintenance_header
CREATE TABLE IF NOT EXISTS `maintenance_header` (
  `id` bigint(20) NOT NULL AUTO_INCREMENT,
  `date` timestamp NULL DEFAULT NULL,
  `description` text DEFAULT NULL,
  `alat_id` bigint(20) DEFAULT NULL,
  `alat_name` varchar(255) DEFAULT NULL,
  `serial_number` varchar(255) DEFAULT NULL,
  `simbol_kondisi_id` bigint(20) DEFAULT NULL,
  `simbol_kondisi_name` varchar(255) DEFAULT NULL,
  `status` tinyint(4) DEFAULT NULL,
  `reason_reject` text DEFAULT NULL,
  `reason_cancel` text DEFAULT NULL,
  `user_id` bigint(20) DEFAULT NULL,
  `user_nip` varchar(255) DEFAULT NULL,
  `user_phone` varchar(20) DEFAULT NULL,
  `user_name` varchar(255) DEFAULT NULL,
  `company_id` bigint(20) DEFAULT NULL,
  `company_name` varchar(255) DEFAULT NULL,
  `department_id` bigint(20) DEFAULT NULL,
  `department_name` varchar(255) DEFAULT NULL,
  `user_head_id` bigint(20) DEFAULT NULL,
  `user_head_nip` varchar(255) DEFAULT NULL,
  `user_head_name` varchar(255) DEFAULT NULL,
  `user_head_email` varchar(255) DEFAULT NULL,
  `user_head_phone` varchar(20) DEFAULT NULL,
  `user_update_id` bigint(20) DEFAULT NULL,
  `start_date` timestamp NULL DEFAULT NULL,
  `finish_date` timestamp NULL DEFAULT NULL,
  `pic_id` bigint(20) DEFAULT NULL,
  `pic_nip` varchar(255) DEFAULT NULL,
  `pic_name` varchar(255) DEFAULT NULL,
  `pic_email` varchar(255) DEFAULT NULL,
  `pic_phone` varchar(20) DEFAULT NULL,
  `category_id` bigint(20) DEFAULT NULL,
  `category_name` varchar(255) DEFAULT NULL,
  `number_of_work_id` bigint(20) DEFAULT NULL,
  `number_of_work_name` varchar(255) DEFAULT NULL,
  `lokasi_id` bigint(20) DEFAULT NULL,
  `lokasi_name` varchar(255) DEFAULT NULL,
  `gedung_id` tinyint(4) DEFAULT NULL,
  `gedung_name` varchar(255) DEFAULT NULL,
  `ruangan_id` tinyint(4) DEFAULT NULL,
  `ruangan_name` varchar(255) DEFAULT NULL,
  `is_checked` tinyint(4) DEFAULT NULL,
  `created_at` timestamp NULL DEFAULT NULL,
  `updated_at` timestamp NULL DEFAULT NULL,
  PRIMARY KEY (`id`) USING BTREE
) ENGINE=InnoDB DEFAULT CHARSET=latin1 COLLATE=latin1_swedish_ci ROW_FORMAT=DYNAMIC;

-- Dumping data for table ga-sheet.maintenance_header: ~0 rows (approximately)
DELETE FROM `maintenance_header`;

-- Dumping structure for table ga-sheet.maintenance_signature
CREATE TABLE IF NOT EXISTS `maintenance_signature` (
  `id` bigint(20) NOT NULL AUTO_INCREMENT,
  `name` varchar(255) DEFAULT NULL,
  `nip` varchar(255) DEFAULT NULL,
  `email` varchar(255) DEFAULT NULL,
  `phone` varchar(20) DEFAULT NULL,
  `img` varchar(20) DEFAULT NULL,
  `link` varchar(20) DEFAULT NULL,
  `maintenance_tx_id` bigint(20) DEFAULT NULL,
  `company_id` bigint(20) DEFAULT NULL,
  `company_name` varchar(255) DEFAULT NULL,
  `department_id` bigint(20) DEFAULT NULL,
  `department_name` varchar(255) DEFAULT NULL,
  `is_head` tinyint(4) DEFAULT NULL,
  `created_at` timestamp NULL DEFAULT NULL,
  `updated_at` timestamp NULL DEFAULT NULL,
  PRIMARY KEY (`id`)
) ENGINE=InnoDB DEFAULT CHARSET=latin1 COLLATE=latin1_swedish_ci;

-- Dumping data for table ga-sheet.maintenance_signature: ~0 rows (approximately)
DELETE FROM `maintenance_signature`;

-- Dumping structure for table ga-sheet.maintenance_tx
CREATE TABLE IF NOT EXISTS `maintenance_tx` (
  `id` bigint(20) NOT NULL AUTO_INCREMENT,
  `date` timestamp NULL DEFAULT NULL,
  `maintenance_header_id` bigint(20) DEFAULT NULL,
  `description` text DEFAULT NULL,
  `alat_id` bigint(20) DEFAULT NULL,
  `alat_name` varchar(255) DEFAULT NULL,
  `serial_number` varchar(255) DEFAULT NULL,
  `komponen_id` bigint(20) DEFAULT NULL,
  `komponen_name` varchar(255) DEFAULT NULL,
  `simbol_kondisi_id` bigint(20) DEFAULT NULL,
  `simbol_kondisi_name` varchar(255) DEFAULT NULL,
  `status` tinyint(4) DEFAULT NULL,
  `reason_reject` text DEFAULT NULL,
  `reason_cancel` text DEFAULT NULL,
  `user_id` bigint(20) DEFAULT NULL,
  `user_nip` varchar(255) DEFAULT NULL,
  `user_phone` varchar(20) DEFAULT NULL,
  `user_name` varchar(255) DEFAULT NULL,
  `company_id` bigint(20) DEFAULT NULL,
  `company_name` varchar(255) DEFAULT NULL,
  `department_id` bigint(20) DEFAULT NULL,
  `department_name` varchar(255) DEFAULT NULL,
  `user_head_id` bigint(20) DEFAULT NULL,
  `user_head_nip` varchar(255) DEFAULT NULL,
  `user_head_name` varchar(255) DEFAULT NULL,
  `user_head_email` varchar(255) DEFAULT NULL,
  `user_head_phone` varchar(20) DEFAULT NULL,
  `user_update_id` bigint(20) DEFAULT NULL,
  `start_date` timestamp NULL DEFAULT NULL,
  `finish_date` timestamp NULL DEFAULT NULL,
  `pic_id` bigint(20) DEFAULT NULL,
  `pic_nip` varchar(255) DEFAULT NULL,
  `pic_name` varchar(255) DEFAULT NULL,
  `pic_email` varchar(255) DEFAULT NULL,
  `pic_phone` varchar(20) DEFAULT NULL,
  `category_id` bigint(20) DEFAULT NULL,
  `category_name` varchar(255) DEFAULT NULL,
  `number_of_work_id` bigint(20) DEFAULT NULL,
  `number_of_work_name` varchar(255) DEFAULT NULL,
  `lokasi_id` bigint(20) DEFAULT NULL,
  `lokasi_name` varchar(255) DEFAULT NULL,
  `gedung_id` tinyint(4) DEFAULT NULL,
  `gedung_name` varchar(255) DEFAULT NULL,
  `ruangan_id` tinyint(4) DEFAULT NULL,
  `ruangan_name` varchar(255) DEFAULT NULL,
  `is_checked` tinyint(4) DEFAULT NULL,
  `created_at` timestamp NULL DEFAULT NULL,
  `updated_at` timestamp NULL DEFAULT NULL,
  PRIMARY KEY (`id`)
) ENGINE=InnoDB DEFAULT CHARSET=latin1 COLLATE=latin1_swedish_ci;

-- Dumping data for table ga-sheet.maintenance_tx: ~0 rows (approximately)
DELETE FROM `maintenance_tx`;

-- Dumping structure for table ga-sheet.maintenance_tx_history
CREATE TABLE IF NOT EXISTS `maintenance_tx_history` (
  `id` bigint(20) NOT NULL AUTO_INCREMENT,
  `history_status` tinyint(4) DEFAULT NULL,
  `maintenance_header_id` bigint(20) DEFAULT 0,
  `maintenance_tx_id` bigint(20) DEFAULT 0,
  `date` timestamp NULL DEFAULT NULL,
  `description` text DEFAULT NULL,
  `alat_id` bigint(20) DEFAULT NULL,
  `alat_name` varchar(255) DEFAULT NULL,
  `serial_number` varchar(255) DEFAULT NULL,
  `komponen_id` bigint(20) DEFAULT NULL,
  `komponen_name` varchar(50) DEFAULT NULL,
  `simbol_kondisi_id` bigint(20) DEFAULT NULL,
  `simbol_kondisi_name` varchar(255) DEFAULT NULL,
  `status` tinyint(4) DEFAULT NULL,
  `reason_reject` text DEFAULT NULL,
  `reason_cancel` text DEFAULT NULL,
  `user_id` bigint(20) DEFAULT NULL,
  `user_nip` varchar(255) DEFAULT NULL,
  `user_phone` varchar(20) DEFAULT NULL,
  `user_name` varchar(255) DEFAULT NULL,
  `company_id` bigint(20) DEFAULT NULL,
  `company_name` varchar(255) DEFAULT NULL,
  `department_id` bigint(20) DEFAULT NULL,
  `department_name` varchar(255) DEFAULT NULL,
  `user_head_id` bigint(20) DEFAULT NULL,
  `user_head_nip` varchar(255) DEFAULT NULL,
  `user_head_name` varchar(255) DEFAULT NULL,
  `user_head_email` varchar(255) DEFAULT NULL,
  `user_head_phone` varchar(20) DEFAULT NULL,
  `user_update_id` bigint(20) DEFAULT NULL,
  `start_date` timestamp NULL DEFAULT NULL,
  `finish_date` timestamp NULL DEFAULT NULL,
  `pic_id` bigint(20) DEFAULT NULL,
  `pic_nip` varchar(255) DEFAULT NULL,
  `pic_name` varchar(255) DEFAULT NULL,
  `pic_email` varchar(255) DEFAULT NULL,
  `pic_phone` varchar(20) DEFAULT NULL,
  `category_id` bigint(20) DEFAULT NULL,
  `category_name` varchar(255) DEFAULT NULL,
  `number_of_work_id` bigint(20) DEFAULT NULL,
  `number_of_work_name` varchar(255) DEFAULT NULL,
  `lokasi_id` bigint(20) DEFAULT NULL,
  `lokasi_name` varchar(255) DEFAULT NULL,
  `gedung_id` bigint(20) DEFAULT NULL,
  `gedung_name` varchar(255) DEFAULT NULL,
  `ruangan_id` bigint(20) DEFAULT NULL,
  `ruangan_name` varchar(255) DEFAULT NULL,
  `is_checked` tinyint(4) DEFAULT NULL,
  `created_at` timestamp NULL DEFAULT NULL,
  `updated_at` timestamp NULL DEFAULT NULL,
  PRIMARY KEY (`id`) USING BTREE
) ENGINE=InnoDB DEFAULT CHARSET=latin1 COLLATE=latin1_swedish_ci ROW_FORMAT=COMPACT;

-- Dumping data for table ga-sheet.maintenance_tx_history: ~0 rows (approximately)
DELETE FROM `maintenance_tx_history`;

-- Dumping structure for table ga-sheet.master_gedung
CREATE TABLE IF NOT EXISTS `master_gedung` (
  `id` bigint(20) NOT NULL AUTO_INCREMENT,
  `user_id` bigint(20) DEFAULT NULL,
  `id_lokasi` bigint(20) DEFAULT NULL,
  `name` varchar(255) DEFAULT NULL,
  `created_at` timestamp NULL DEFAULT NULL,
  `updated_at` timestamp NULL DEFAULT NULL,
  `user_update_id` bigint(20) DEFAULT NULL,
  `is_active` tinyint(4) DEFAULT NULL,
  PRIMARY KEY (`id`)
) ENGINE=InnoDB AUTO_INCREMENT=13 DEFAULT CHARSET=latin1 COLLATE=latin1_swedish_ci;

-- Dumping data for table ga-sheet.master_gedung: ~7 rows (approximately)
DELETE FROM `master_gedung`;
INSERT INTO `master_gedung` (`id`, `user_id`, `id_lokasi`, `name`, `created_at`, `updated_at`, `user_update_id`, `is_active`) VALUES
	(4, 2, 6, 'HO', '2024-07-12 09:33:27', '2024-07-12 09:33:43', NULL, 1),
	(5, 2, 7, 'TULT', '2024-07-15 02:15:13', '2024-07-15 02:15:14', NULL, 1),
	(6, 2, 7, 'GEDUNG A', '2024-07-15 06:10:12', '2024-07-15 06:10:13', NULL, 1),
	(7, 2, 6, 'Lorem Ipsum', '2024-07-15 06:10:36', '2024-07-15 01:52:01', 2, 1),
	(8, 2, NULL, 'GEDUNG C', '2024-07-15 01:52:55', '2024-07-15 01:52:55', NULL, 1),
	(9, 2, 7, 'D', '2024-07-15 02:29:05', '2024-07-15 02:29:14', 2, 0),
	(10, 2, 6, 'PIK', '2024-07-15 02:43:56', '2024-07-15 02:43:56', NULL, 1),
	(11, 2, 7, 'A', '2024-07-15 08:28:54', '2024-07-15 08:28:54', NULL, 1),
	(12, 2, 7, 'TEST Bandung', '2024-07-15 19:01:54', '2024-07-15 19:02:12', 2, 1);

-- Dumping structure for table ga-sheet.master_komponen
CREATE TABLE IF NOT EXISTS `master_komponen` (
  `id` bigint(20) unsigned NOT NULL AUTO_INCREMENT,
  `user_id` bigint(20) DEFAULT NULL,
  `alat_id` bigint(20) DEFAULT NULL,
  `default_simbol_id` bigint(20) DEFAULT NULL,
  `name` varchar(255) DEFAULT NULL,
  `type` bigint(20) DEFAULT NULL,
  `type_name` varchar(255) DEFAULT NULL,
  `is_active` tinyint(4) DEFAULT NULL,
  `created_at` timestamp NULL DEFAULT NULL,
  `updated_at` timestamp NULL DEFAULT NULL,
  PRIMARY KEY (`id`) USING BTREE
) ENGINE=InnoDB AUTO_INCREMENT=3 DEFAULT CHARSET=latin1 COLLATE=latin1_swedish_ci ROW_FORMAT=DYNAMIC;

-- Dumping data for table ga-sheet.master_komponen: ~2 rows (approximately)
DELETE FROM `master_komponen`;
INSERT INTO `master_komponen` (`id`, `user_id`, `alat_id`, `default_simbol_id`, `name`, `type`, `type_name`, `is_active`, `created_at`, `updated_at`) VALUES
	(1, 2, 6, 14, 'IT', 3, 'IT', 1, '2024-08-13 20:39:05', '2024-08-13 20:39:05'),
	(2, 2, 6, 14, 'Headset', 3, 'IT', 1, '2024-08-13 20:41:37', '2024-08-13 20:41:37');

-- Dumping structure for table ga-sheet.master_lokasi
CREATE TABLE IF NOT EXISTS `master_lokasi` (
  `id` bigint(20) NOT NULL AUTO_INCREMENT,
  `user_id` bigint(20) DEFAULT NULL,
  `name` varchar(255) DEFAULT NULL,
  `created_at` timestamp NULL DEFAULT NULL,
  `updated_at` timestamp NULL DEFAULT NULL,
  `user_update_id` bigint(20) DEFAULT NULL,
  `is_active` tinyint(4) DEFAULT NULL,
  PRIMARY KEY (`id`)
) ENGINE=InnoDB AUTO_INCREMENT=9 DEFAULT CHARSET=latin1 COLLATE=latin1_swedish_ci;

-- Dumping data for table ga-sheet.master_lokasi: ~3 rows (approximately)
DELETE FROM `master_lokasi`;
INSERT INTO `master_lokasi` (`id`, `user_id`, `name`, `created_at`, `updated_at`, `user_update_id`, `is_active`) VALUES
	(6, 2, 'Jakarta', '2024-07-15 02:16:37', '2024-07-15 02:16:38', NULL, 1),
	(7, 2, 'Bandung', '2024-07-15 02:16:48', '2024-07-15 02:16:49', NULL, 1),
	(8, 2, 'Ciracas', '2024-07-15 02:19:15', '2024-07-15 02:19:25', 2, 1);

-- Dumping structure for table ga-sheet.master_ruangan
CREATE TABLE IF NOT EXISTS `master_ruangan` (
  `id` bigint(20) NOT NULL AUTO_INCREMENT,
  `user_id` bigint(20) DEFAULT NULL,
  `id_gedung` bigint(20) DEFAULT NULL,
  `name` varchar(255) DEFAULT NULL,
  `created_at` timestamp NULL DEFAULT NULL,
  `updated_at` timestamp NULL DEFAULT NULL,
  `user_update_id` bigint(20) DEFAULT NULL,
  `is_active` tinyint(4) DEFAULT NULL,
  PRIMARY KEY (`id`)
) ENGINE=InnoDB AUTO_INCREMENT=11 DEFAULT CHARSET=latin1 COLLATE=latin1_swedish_ci;

-- Dumping data for table ga-sheet.master_ruangan: ~8 rows (approximately)
DELETE FROM `master_ruangan`;
INSERT INTO `master_ruangan` (`id`, `user_id`, `id_gedung`, `name`, `created_at`, `updated_at`, `user_update_id`, `is_active`) VALUES
	(3, 2, 5, '12.11', '2024-07-15 02:17:02', '2024-07-15 02:17:02', NULL, 1),
	(4, 2, 4, 'Cendana', '2024-07-15 02:17:15', '2024-07-15 02:17:16', NULL, 1),
	(5, 2, 4, 'IT', '2024-07-15 06:11:34', '2024-07-15 06:11:35', NULL, 1),
	(6, 2, 5, '14.15', '2024-07-15 06:11:47', '2024-07-15 06:11:48', NULL, 1),
	(7, 2, NULL, 'LAA', '2024-07-15 06:12:00', '2024-07-15 23:55:13', 2, 1),
	(8, 2, NULL, '11.14', '2024-07-15 02:19:57', '2024-07-15 02:19:57', NULL, 1),
	(9, 2, 5, '11.15', '2024-07-15 08:49:23', '2024-07-15 08:49:23', NULL, 1),
	(10, 2, 5, '11.11', '2024-07-15 08:49:44', '2024-07-15 08:49:44', NULL, 1);

-- Dumping structure for table ga-sheet.master_type
CREATE TABLE IF NOT EXISTS `master_type` (
  `id` bigint(20) NOT NULL AUTO_INCREMENT,
  `name` varchar(255) DEFAULT NULL,
  `is_active` tinyint(4) DEFAULT NULL,
  `user_id` bigint(20) DEFAULT NULL,
  `user_update_id` bigint(20) DEFAULT NULL,
  `created_at` timestamp NULL DEFAULT NULL,
  `updated_at` timestamp NULL DEFAULT NULL,
  PRIMARY KEY (`id`)
) ENGINE=InnoDB AUTO_INCREMENT=6 DEFAULT CHARSET=latin1 COLLATE=latin1_swedish_ci;

-- Dumping data for table ga-sheet.master_type: ~2 rows (approximately)
DELETE FROM `master_type`;
INSERT INTO `master_type` (`id`, `name`, `is_active`, `user_id`, `user_update_id`, `created_at`, `updated_at`) VALUES
	(1, 'Cleaning', 1, NULL, NULL, '2024-07-12 04:03:33', '2024-07-12 04:03:33'),
	(2, 'Maintenance', 1, NULL, NULL, '2024-07-12 04:03:44', '2024-07-12 04:03:45'),
	(3, 'IT', 1, NULL, NULL, '2024-07-28 05:32:00', '2024-07-28 05:32:02');

-- Dumping structure for table ga-sheet.master_user_head
CREATE TABLE IF NOT EXISTS `master_user_head` (
  `id` bigint(20) NOT NULL AUTO_INCREMENT,
  `user_id` bigint(20) DEFAULT NULL,
  `user_update_id` bigint(20) DEFAULT NULL,
  `name` varchar(255) DEFAULT NULL,
  `phone` varchar(255) DEFAULT NULL,
  `email` varchar(255) DEFAULT NULL,
  `nip` varchar(255) DEFAULT NULL,
  `updated_at` timestamp NULL DEFAULT NULL,
  `created_at` timestamp NULL DEFAULT NULL,
  `company_id` bigint(20) DEFAULT NULL,
  `company_name` varchar(255) DEFAULT NULL,
  `type` int(11) DEFAULT NULL,
  `departement_id` bigint(20) DEFAULT NULL,
  `departement_name` varchar(255) DEFAULT NULL,
  PRIMARY KEY (`id`) USING BTREE
) ENGINE=InnoDB AUTO_INCREMENT=14 DEFAULT CHARSET=latin1 COLLATE=latin1_swedish_ci ROW_FORMAT=COMPACT;

-- Dumping data for table ga-sheet.master_user_head: ~0 rows (approximately)
DELETE FROM `master_user_head`;

-- Dumping structure for table ga-sheet.number_of_work
CREATE TABLE IF NOT EXISTS `number_of_work` (
  `id` bigint(20) NOT NULL AUTO_INCREMENT,
  `user_id` bigint(20) DEFAULT NULL,
  `name` varchar(255) DEFAULT NULL,
  `created_at` timestamp NULL DEFAULT NULL,
  `updated_at` timestamp NULL DEFAULT NULL,
  `user_update_id` bigint(20) DEFAULT NULL,
  `is_active` tinyint(4) DEFAULT NULL,
  PRIMARY KEY (`id`)
) ENGINE=InnoDB AUTO_INCREMENT=7 DEFAULT CHARSET=latin1 COLLATE=latin1_swedish_ci;

-- Dumping data for table ga-sheet.number_of_work: ~0 rows (approximately)
DELETE FROM `number_of_work`;
INSERT INTO `number_of_work` (`id`, `user_id`, `name`, `created_at`, `updated_at`, `user_update_id`, `is_active`) VALUES
	(6, 1, 'NAJA', '2024-07-17 02:06:42', '2024-07-17 02:06:43', NULL, 1);

-- Dumping structure for table ga-sheet.pic
CREATE TABLE IF NOT EXISTS `pic` (
  `id` bigint(20) NOT NULL AUTO_INCREMENT,
  `user_id` bigint(20) DEFAULT NULL,
  `pic_name` varchar(255) DEFAULT NULL,
  `pic_phone` varchar(255) DEFAULT NULL,
  `pic_email` varchar(255) DEFAULT NULL,
  `pic_nip` varchar(255) DEFAULT NULL,
  `updated_at` timestamp NULL DEFAULT NULL,
  `created_at` timestamp NULL DEFAULT NULL,
  `company_id` bigint(20) DEFAULT NULL,
  `company_name` varchar(255) DEFAULT NULL,
  `type` int(11) DEFAULT NULL,
  `departement_id` bigint(20) DEFAULT NULL,
  `departement_name` varchar(255) DEFAULT NULL,
  `is_active` tinyint(4) DEFAULT NULL,
  PRIMARY KEY (`id`)
) ENGINE=InnoDB AUTO_INCREMENT=15 DEFAULT CHARSET=latin1 COLLATE=latin1_swedish_ci;

-- Dumping data for table ga-sheet.pic: ~4 rows (approximately)
DELETE FROM `pic`;
INSERT INTO `pic` (`id`, `user_id`, `pic_name`, `pic_phone`, `pic_email`, `pic_nip`, `updated_at`, `created_at`, `company_id`, `company_name`, `type`, `departement_id`, `departement_name`, `is_active`) VALUES
	(1, 1, 'Naja', '085156513756', 'naja@test.com', '1006545112', '2024-07-03 12:34:51', '2024-07-03 12:34:51', 1, 'SEA', 2, 1, 'IT', 1),
	(5, 2, 'Sulton', '08546542321', 'sul@testr.com', '11032156564', '2024-07-04 18:45:50', '2024-07-03 14:18:28', NULL, 'TELU', 1, NULL, 'PR', 1),
	(7, 2, 'Dani', '+62 851578347', 'dani@test.com', '100054548', '2024-07-06 22:12:19', '2024-07-06 22:12:19', NULL, 'TELU', 1, NULL, 'IT', 1),
	(14, 2, 'Aryaaaa', '08421321432', 'arya@gmail.com', '11032130953', '2024-07-16 20:43:04', '2024-07-16 20:43:04', NULL, 'Gastiadi', 3, NULL, 'IT]', 1);

-- Dumping structure for table ga-sheet.sessions
CREATE TABLE IF NOT EXISTS `sessions` (
  `id` varchar(255) CHARACTER SET utf8mb4 COLLATE utf8mb4_unicode_ci NOT NULL,
  `user_id` bigint(20) unsigned DEFAULT NULL,
  `ip_address` varchar(45) CHARACTER SET utf8mb4 COLLATE utf8mb4_unicode_ci DEFAULT NULL,
  `user_agent` text CHARACTER SET utf8mb4 COLLATE utf8mb4_unicode_ci DEFAULT NULL,
  `payload` longtext CHARACTER SET utf8mb4 COLLATE utf8mb4_unicode_ci NOT NULL,
  `last_activity` int(11) NOT NULL
) ENGINE=InnoDB DEFAULT CHARSET=armscii8 COLLATE=armscii8_bin;

-- Dumping data for table ga-sheet.sessions: ~2 rows (approximately)
DELETE FROM `sessions`;
INSERT INTO `sessions` (`id`, `user_id`, `ip_address`, `user_agent`, `payload`, `last_activity`) VALUES
	('UaplcfF1RIgzweBRhNacPaOpW8BUEhbEVD7NevpB', 2, '127.0.0.1', 'Mozilla/5.0 (Windows NT 10.0; Win64; x64) AppleWebKit/537.36 (KHTML, like Gecko) Chrome/127.0.0.0 Safari/537.36', 'YTo0OntzOjY6Il90b2tlbiI7czo0MDoiUmNVbUprczhMWUtuNTdLY1pxOExKaVNXOGdYcFlKZ04xZFdMRGhjeSI7czo5OiJfcHJldmlvdXMiO2E6MTp7czozOiJ1cmwiO3M6NTM6Imh0dHA6Ly8xMjcuMC4wLjE6ODAwMC9nYV9zaGVldC9yZXBvcnQvc2hlZXQvMS8wOC0yMDI0Ijt9czo2OiJfZmxhc2giO2E6Mjp7czozOiJvbGQiO2E6MDp7fXM6MzoibmV3IjthOjA6e319czo1MDoibG9naW5fd2ViXzU5YmEzNmFkZGMyYjJmOTQwMTU4MGYwMTRjN2Y1OGVhNGUzMDk4OWQiO2k6Mjt9', 1723604345),
	('ZMwBy4QzyrkhaG9bo4U1OShGnDQw59BVzoaBeQrm', 2, '127.0.0.1', 'Mozilla/5.0 (Windows NT 10.0; Win64; x64) AppleWebKit/537.36 (KHTML, like Gecko) Chrome/127.0.0.0 Safari/537.36 Edg/127.0.0.0', 'YTo1OntzOjY6Il90b2tlbiI7czo0MDoiS0haRWMxdFhTSmlETVFNeE9ENnVGMlRoR2JSc1J1am9BVnU0dTllayI7czozOiJ1cmwiO2E6MDp7fXM6OToiX3ByZXZpb3VzIjthOjE6e3M6MzoidXJsIjtzOjk3OiJodHRwOi8vMTI3LjAuMC4xOjgwMDAvZ2Ffc2hlZXQvaXRfaGVhZC9qc29uX2luZGV4P2RpcmVjdGlvbj0mZmllbGQ9JnBhZ2U9MSZzZWFyY2g9JnNlYXJjaF9zdGF0dXM9Ijt9czo2OiJfZmxhc2giO2E6Mjp7czozOiJvbGQiO2E6MDp7fXM6MzoibmV3IjthOjA6e319czo1MDoibG9naW5fd2ViXzU5YmEzNmFkZGMyYjJmOTQwMTU4MGYwMTRjN2Y1OGVhNGUzMDk4OWQiO2k6Mjt9', 1723608268);

-- Dumping structure for table ga-sheet.sheet_roles
CREATE TABLE IF NOT EXISTS `sheet_roles` (
  `id` bigint(20) NOT NULL AUTO_INCREMENT,
  `user_id` bigint(20) DEFAULT NULL,
  `type_id` bigint(20) DEFAULT NULL,
  `is_active` bigint(20) DEFAULT NULL,
  `created_at` timestamp NULL DEFAULT NULL,
  `updated_at` timestamp NULL DEFAULT NULL,
  PRIMARY KEY (`id`)
) ENGINE=InnoDB AUTO_INCREMENT=3 DEFAULT CHARSET=latin1 COLLATE=latin1_swedish_ci;

-- Dumping data for table ga-sheet.sheet_roles: ~2 rows (approximately)
DELETE FROM `sheet_roles`;
INSERT INTO `sheet_roles` (`id`, `user_id`, `type_id`, `is_active`, `created_at`, `updated_at`) VALUES
	(1, 2, 3, 1, '2024-08-14 02:24:58', NULL),
	(2, 2, 1, 1, '2024-08-14 02:31:51', NULL);

-- Dumping structure for table ga-sheet.simbol_kondisi
CREATE TABLE IF NOT EXISTS `simbol_kondisi` (
  `id` bigint(20) NOT NULL AUTO_INCREMENT,
  `code` varchar(255) DEFAULT NULL,
  `name` varchar(255) DEFAULT NULL,
  `is_active` tinyint(4) DEFAULT NULL,
  `user_id` bigint(20) DEFAULT NULL,
  `user_update_id` bigint(20) DEFAULT NULL,
  `type` int(11) DEFAULT NULL,
  `alat_id` bigint(20) DEFAULT NULL,
  `komponen_id` bigint(20) DEFAULT NULL,
  `location_id` bigint(20) DEFAULT NULL,
  `gedung_id` bigint(20) DEFAULT NULL,
  `ruangan_id` bigint(20) DEFAULT NULL,
  `created_at` timestamp NULL DEFAULT NULL,
  `updated_at` timestamp NULL DEFAULT NULL,
  PRIMARY KEY (`id`)
) ENGINE=InnoDB AUTO_INCREMENT=17 DEFAULT CHARSET=latin1 COLLATE=latin1_swedish_ci;

-- Dumping data for table ga-sheet.simbol_kondisi: ~10 rows (approximately)
DELETE FROM `simbol_kondisi`;
INSERT INTO `simbol_kondisi` (`id`, `code`, `name`, `is_active`, `user_id`, `user_update_id`, `type`, `alat_id`, `komponen_id`, `location_id`, `gedung_id`, `ruangan_id`, `created_at`, `updated_at`) VALUES
	(1, '01', 'Bocor', 1, 2, NULL, 2, NULL, NULL, 6, 4, 4, '2024-07-01 06:46:20', '2024-07-16 00:52:53'),
	(2, '02', 'Perbaikan', 1, 2, NULL, 2, 1, NULL, 6, 4, 4, '2024-07-02 00:06:41', '2024-07-12 00:04:48'),
	(3, '03', 'Pembersihan', 1, 2, NULL, 1, 4, NULL, 6, 4, 4, '2024-07-02 00:17:25', '2024-07-12 00:23:13'),
	(5, '05', 'Putus', 1, 2, NULL, 2, 1, NULL, 6, 4, 4, '2024-07-11 19:36:57', '2024-07-12 02:53:58'),
	(7, '08', 'Patah', 1, 2, NULL, 1, 5, NULL, 6, 4, 4, '2024-07-14 18:35:50', '2024-07-22 00:55:34'),
	(8, '11', 'Pecah', 1, 2, NULL, 3, 1, NULL, 6, 4, 4, '2024-07-22 00:55:00', '2024-07-22 00:55:00'),
	(9, '0011', 'Konslet', 1, 2, NULL, 3, 1, NULL, 6, 4, 4, '2024-08-05 08:10:30', '2024-08-05 08:10:30'),
	(10, '0012', 'Normal', 1, 2, NULL, 2, 2, NULL, NULL, NULL, NULL, '2024-08-10 05:47:20', '2024-08-10 05:47:20'),
	(11, '0013', 'Normal', 1, 2, NULL, 2, 1, NULL, NULL, NULL, NULL, '2024-08-10 05:49:18', '2024-08-10 05:49:18'),
	(12, '0014', 'Bersih', 1, 2, NULL, 1, 4, NULL, NULL, NULL, NULL, '2024-08-10 11:44:23', '2024-08-10 11:44:23'),
	(13, '0015', 'Bersih', 1, 2, NULL, 1, 5, NULL, NULL, NULL, NULL, '2024-08-10 11:44:49', '2024-08-10 11:44:49'),
	(14, '0016', 'Normal', 1, 2, NULL, 3, 6, NULL, NULL, NULL, NULL, '2024-08-10 19:29:10', '2024-08-10 19:29:10'),
	(15, '000112', 'Sangat Bersih', 1, 2, NULL, 1, 4, NULL, 6, 4, 4, '2024-08-12 01:05:47', '2024-08-12 01:05:47'),
	(16, '000122', 'Bagus', 1, 2, NULL, 3, 6, NULL, NULL, NULL, NULL, '2024-08-12 01:08:06', '2024-08-12 01:08:06');

/*!40103 SET TIME_ZONE=IFNULL(@OLD_TIME_ZONE, 'system') */;
/*!40101 SET SQL_MODE=IFNULL(@OLD_SQL_MODE, '') */;
/*!40014 SET FOREIGN_KEY_CHECKS=IFNULL(@OLD_FOREIGN_KEY_CHECKS, 1) */;
/*!40101 SET CHARACTER_SET_CLIENT=@OLD_CHARACTER_SET_CLIENT */;
/*!40111 SET SQL_NOTES=IFNULL(@OLD_SQL_NOTES, 1) */;
